chr	start	stop	strand	gene_id	transcript_id	gene_name	gene_type	transcript_name	transcript_type	TPM	FPKM	posterior_mean_count	posterior_standard_deviation_of_count	pme_TPM	pme_FPKM	TPM_ci_lower_bound	TPM_ci_upper_bound	FPKM_ci_lower_bound
chr2	218245826	218245918	+	10904	10904	10904	tRNAscan	10904	tRNAscan	0.00	0.00	0.00	0.00	0.39	0.27	1.61416e-06	1.18978	1.12025e-06
chr6	27020346	27020439	+	12954	12954	12954	tRNAscan	12954	tRNAscan	0.39	0.27	0.59	0.49	0.61	0.42	6.73236e-06	1.63611	4.67244e-06
chr6	27091742	27091813	+	12956	12956	12956	tRNAscan	12956	tRNAscan	0.00	0.00	0.00	0.00	0.61	0.42	1.89079e-05	1.84643	1.31234e-05
chr6	27097306	27097387	+	12958	12958	12958	tRNAscan	12958	tRNAscan	0.00	0.00	0.00	0.00	0.48	0.33	9.98602e-06	1.43118	6.92958e-06
chr6	27150243	27150315	+	12960	12960	12960	tRNAscan	12960	tRNAscan	0.00	0.00	0.00	0.00	0.59	0.41	9.11039e-06	1.77387	6.32416e-06
chr6	27158127	27158198	+	12962	12962	12962	tRNAscan	12962	tRNAscan	0.00	0.00	0.00	0.00	0.61	0.42	3.26293e-05	1.8385	2.26443e-05
chr6	27162271	27162344	+	12964	12964	12964	tRNAscan	12964	tRNAscan	0.00	0.00	0.00	0.00	0.58	0.40	2.37623e-06	1.71792	1.6489e-06
chr6	27209849	27209930	+	12965	12965	12965	tRNAscan	12965	tRNAscan	0.16	0.11	0.33	0.47	0.64	0.44	1.05948e-05	1.81227	7.35378e-06
chr6	27215173	27215245	+	12967	12967	12967	tRNAscan	12967	tRNAscan	0.00	0.00	0.00	0.00	0.59	0.41	8.39771e-06	1.79362	5.82716e-06
chr6	27235509	27235581	+	12969	12969	12969	tRNAscan	12969	tRNAscan	0.00	0.00	0.00	0.00	0.59	0.41	5.60367e-06	1.78231	3.89083e-06
chr6	27273960	27274033	+	12971	12971	12971	tRNAscan	12971	tRNAscan	0.00	0.00	0.07	0.25	0.62	0.43	7.23367e-07	1.83101	5.0187e-07
chr6	27284085	27284158	+	12973	12973	12973	tRNAscan	12973	tRNAscan	0.00	0.00	0.00	0.00	0.58	0.40	3.46282e-06	1.72773	2.40271e-06
chr6	27290626	27290698	+	12975	12975	12975	tRNAscan	12975	tRNAscan	0.00	0.00	0.00	0.00	0.59	0.41	3.73136e-05	1.77787	2.59023e-05
chr6	27293892	27293965	+	12977	12977	12977	tRNAscan	12977	tRNAscan	0.00	0.00	0.00	0.00	0.58	0.40	2.86433e-06	1.7299	1.98893e-06
chr6	27295433	27295504	+	12979	12979	12979	tRNAscan	12979	tRNAscan	0.00	0.00	0.00	0.00	0.61	0.42	1.60305e-05	1.81055	1.11268e-05
chr6	27297996	27298077	+	12981	12981	12981	tRNAscan	12981	tRNAscan	0.00	0.00	0.00	0.00	0.48	0.33	2.66386e-05	1.4357	1.84865e-05
chr6	27478812	27478893	+	12983	12983	12983	tRNAscan	12983	tRNAscan	0.00	0.00	0.00	0.00	0.48	0.33	1.07594e-05	1.43672	7.4694e-06
chr6	27479674	27479745	+	12985	12985	12985	tRNAscan	12985	tRNAscan	0.11	0.08	0.18	0.42	0.72	0.50	6.53709e-06	2.13575	4.539e-06
chr6	27495814	27495895	+	12987	12987	12987	tRNAscan	12987	tRNAscan	0.00	0.00	0.00	0.00	0.48	0.33	7.74498e-06	1.43299	5.37375e-06
chr6	27503039	27503120	+	12989	12989	12989	tRNAscan	12989	tRNAscan	0.00	0.00	0.00	0.00	0.48	0.33	1.42306e-05	1.42815	9.87816e-06
chr6	27503744	27503815	+	12991	12991	12991	tRNAscan	12991	tRNAscan	0.11	0.08	0.19	0.43	0.72	0.50	1.18473e-05	2.13148	8.22221e-06
chr6	27519529	27519600	+	12993	12993	12993	tRNAscan	12993	tRNAscan	0.10	0.07	0.15	0.36	0.70	0.49	1.05295e-05	2.06849	7.30749e-06
chr6	27532208	27532289	+	12995	12995	12995	tRNAscan	12995	tRNAscan	0.00	0.00	0.00	0.00	0.48	0.33	1.54869e-05	1.43343	1.07521e-05
chr6	27545689	27545770	+	12997	12997	12997	tRNAscan	12997	tRNAscan	0.00	0.00	0.00	0.00	0.48	0.33	2.85374e-05	1.43954	1.98097e-05
chr6	27562184	27562270	+	12999	12999	12999	tRNAscan	12999	tRNAscan	0.00	0.00	0.00	0.00	0.43	0.30	1.19081e-05	1.29998	8.26284e-06
chr6	27576067	27576139	+	13001	13001	13001	tRNAscan	13001	tRNAscan	0.00	0.00	0.00	0.00	0.59	0.41	1.40747e-05	1.77449	9.76686e-06
chr6	27618356	27618429	+	13003	13003	13003	tRNAscan	13003	tRNAscan	0.00	0.00	0.00	0.00	0.58	0.40	2.68998e-06	1.73883	1.86707e-06
chr6	27631421	27631514	+	13004	13004	13004	tRNAscan	13004	tRNAscan	0.00	0.00	0.00	0.00	0.38	0.27	3.50702e-06	1.1522	2.43379e-06
chr6	27664766	27664841	+	13005	13005	13005	tRNAscan	13005	tRNAscan	0.00	0.00	0.00	0.00	0.55	0.38	9.0243e-06	1.64095	6.26634e-06
chr6	27668583	27668656	+	13006	13006	13006	tRNAscan	13006	tRNAscan	0.00	0.00	0.00	0.00	0.58	0.40	2.63099e-05	1.71318	1.82522e-05
chr6	27682709	27682782	+	13007	13007	13007	tRNAscan	13007	tRNAscan	0.00	0.00	0.00	0.00	0.58	0.40	1.49575e-05	1.72217	1.03823e-05
chr6	27688188	27688261	+	13008	13008	13008	tRNAscan	13008	tRNAscan	0.00	0.00	0.17	0.41	0.68	0.47	1.60527e-05	2.01248	1.11449e-05
chr6	27726694	27726767	+	13009	13009	13009	tRNAscan	13009	tRNAscan	0.00	0.00	0.00	0.00	0.58	0.40	2.93421e-06	1.73665	2.03655e-06
chr6	27777885	27777956	+	13010	13010	13010	tRNAscan	13010	tRNAscan	0.00	0.00	0.11	0.31	0.67	0.47	1.54839e-06	1.99753	1.07461e-06
chr6	27902908	27902978	-	13011	13011	13011	tRNAscan	13011	tRNAscan	0.00	0.00	0.31	0.60	0.82	0.57	5.28641e-05	2.45781	3.66694e-05
chr6	27902493	27902564	-	13012	13012	13012	tRNAscan	13012	tRNAscan	0.15	0.11	0.26	0.49	0.76	0.53	2.02382e-05	2.27059	7.89508e-05
chr6	27795861	27795932	-	13013	13013	13013	tRNAscan	13013	tRNAscan	0.00	0.00	0.00	0.00	0.61	0.42	8.28379e-06	1.82614	5.75139e-06
chr6	27791356	27791427	-	13014	13014	13014	tRNAscan	13014	tRNAscan	0.00	0.00	0.00	0.00	0.61	0.42	9.42332e-06	1.80474	6.54066e-06
chr6	27753400	27753472	-	13015	13015	13015	tRNAscan	13015	tRNAscan	0.00	0.00	0.00	0.00	0.59	0.41	7.06855e-06	1.77863	4.90566e-06
chr6	27728548	27728620	-	13016	13016	13016	tRNAscan	13016	tRNAscan	0.00	0.00	0.00	0.00	0.59	0.41	6.73716e-06	1.77464	4.67521e-06
chr6	27721119	27721201	-	13017	13017	13017	tRNAscan	13017	tRNAscan	0.00	0.00	0.00	0.00	0.47	0.33	1.17261e-05	1.41233	8.13751e-06
chr6	27684695	27684768	-	13018	13018	13018	tRNAscan	13018	tRNAscan	0.00	0.00	0.00	0.00	0.58	0.40	2.24904e-05	1.7275	1.5614e-05
chr6	27681106	27681178	-	13019	13019	13019	tRNAscan	13019	tRNAscan	0.00	0.00	0.00	0.00	0.59	0.41	2.72196e-07	1.78138	1.88861e-07
chr6	27672450	27672531	-	13020	13020	13020	tRNAscan	13020	tRNAscan	0.00	0.00	0.00	0.00	0.48	0.33	1.36408e-05	1.44014	9.46851e-06
chr6	27670565	27670637	-	13021	13021	13021	tRNAscan	13021	tRNAscan	0.00	0.00	0.00	0.00	0.59	0.41	2.05164e-06	1.78331	1.42454e-06
chr6	27650928	27651000	-	13022	13022	13022	tRNAscan	13022	tRNAscan	0.00	0.00	0.00	0.00	0.59	0.41	2.47358e-05	1.7886	1.71662e-05
chr6	27605638	27605745	-	13023	13023	13023	tRNAscan	13023	tRNAscan	0.00	0.00	0.00	0.00	0.31	0.21	2.21718e-06	0.924552	1.53918e-06
chr6	27602569	27602675	-	13024	13024	13024	tRNAscan	13024	tRNAscan	0.00	0.00	0.00	0.00	0.31	0.22	2.02837e-06	0.933149	8.99852e-06
chr6	27592821	27592892	-	13025	13025	13025	tRNAscan	13025	tRNAscan	0.15	0.11	0.22	0.47	0.74	0.51	3.54735e-05	2.21385	2.46281e-05
chr6	27591814	27591886	-	13026	13026	13026	tRNAscan	13026	tRNAscan	0.17	0.12	0.26	0.49	0.75	0.52	1.51132e-05	2.18944	1.04913e-05
chr6	27583457	27583528	-	13027	13027	13027	tRNAscan	13027	tRNAscan	0.00	0.00	0.09	0.28	0.66	0.46	8.29585e-07	1.97405	5.75674e-07
chr6	27553413	27553494	-	13028	13028	13028	tRNAscan	13028	tRNAscan	0.00	0.00	0.00	0.00	0.48	0.33	8.59599e-07	1.41934	5.96458e-07
chr6	27547752	27547823	-	13029	13029	13029	tRNAscan	13029	tRNAscan	0.10	0.07	0.18	0.38	0.72	0.50	2.16613e-06	2.11654	1.50358e-06
chr6	27541775	27541856	-	13030	13030	13030	tRNAscan	13030	tRNAscan	0.00	0.00	0.00	0.00	0.48	0.33	1.49592e-05	1.44244	3.42616e-06
chr6	27505828	27505909	-	13031	13031	13031	tRNAscan	13031	tRNAscan	0.00	0.00	0.00	0.00	0.48	0.33	5.85577e-05	1.43707	2.50129e-06
chr6	27334990	27335062	-	13032	13032	13032	tRNAscan	13032	tRNAscan	0.00	0.00	0.10	0.29	0.65	0.45	1.29948e-05	1.92859	9.01762e-06
chr6	27332985	27333056	-	13033	13033	13033	tRNAscan	13033	tRNAscan	0.15	0.11	0.24	0.47	0.75	0.52	5.41787e-06	2.21142	3.75884e-06
chr6	27303789	27303860	-	13034	13034	13034	tRNAscan	13034	tRNAscan	0.00	0.00	0.00	0.00	0.61	0.42	4.37669e-05	1.8279	3.03769e-05
chr6	27280270	27280342	-	13035	13035	13035	tRNAscan	13035	tRNAscan	0.00	0.00	0.00	0.00	0.59	0.41	1.6074e-05	1.7849	1.1157e-05
chr6	27275211	27275284	-	13036	13036	13036	tRNAscan	13036	tRNAscan	0.00	0.00	0.17	0.41	0.68	0.47	4.94938e-06	2.00068	3.43431e-06
chr6	27237571	27237644	-	13037	13037	13037	tRNAscan	13037	tRNAscan	0.00	0.00	0.17	0.43	0.68	0.47	1.46942e-05	2.00491	8.6645e-07
chr6	27230555	27230637	-	13038	13038	13038	tRNAscan	13038	tRNAscan	0.00	0.00	0.00	0.00	0.47	0.33	3.24601e-06	1.4128	4.51447e-05
chr6	27213844	27213916	-	13039	13039	13039	tRNAscan	13039	tRNAscan	0.00	0.00	0.00	0.00	0.59	0.41	2.9706e-05	1.78675	1.23077e-07
chr6	27206088	27206160	-	13040	13040	13040	tRNAscan	13040	tRNAscan	0.00	0.00	0.00	0.00	0.59	0.41	3.68923e-06	1.77849	2.55933e-06
chr6	27177215	27177288	-	13041	13041	13041	tRNAscan	13041	tRNAscan	0.00	0.00	0.17	0.40	0.68	0.47	1.23637e-05	2.02837	8.58044e-06
chr19	51922143	51922215	-	16733	16733	16733	tRNAscan	16733	tRNAscan	0.00	0.00	0.00	0.00	0.59	0.41	2.52839e-06	1.78025	1.75443e-06
chrX	3915230	3915303	-	17592	17592	17592	tRNAscan	17592	tRNAscan	0.00	0.00	0.00	0.00	0.58	0.40	1.0778e-05	1.73617	7.4781e-06
chrX	3876801	3876874	-	17593	17593	17593	tRNAscan	17593	tRNAscan	0.00	0.00	0.00	0.00	0.58	0.40	2.78027e-05	1.72558	1.92886e-05
chrX	3838377	3838450	-	17594	17594	17594	tRNAscan	17594	tRNAscan	0.00	0.00	0.00	0.00	0.58	0.40	1.35515e-06	1.71518	9.40682e-07
chr9	110198523	110198595	+	18401	18401	18401	tRNAscan	18401	tRNAscan	0.00	0.00	0.00	0.00	0.59	0.41	2.62891e-05	1.77155	1.82478e-05
chr17	19860862	19860932	+	19145	19145	19145	tRNAscan	19145	tRNAscan	0.00	0.00	0.00	0.00	0.63	0.43	9.40114e-06	1.86344	6.52663e-06
chr6	156547912	156547986	-	19162	19162	19162	tRNAscan	19162	tRNAscan	0.00	0.00	0.00	0.00	0.56	0.39	2.77048e-05	1.69092	6.28261e-06
chr8	33015128	33015199	-	19345	19345	19345	tRNAscan	19345	tRNAscan	0.00	0.00	0.00	0.00	0.61	0.42	1.27386e-05	1.82468	8.83936e-06
chr6	69204486	69204568	+	19359	19359	19359	tRNAscan	19359	tRNAscan	0.00	0.00	0.00	0.00	0.47	0.33	2.2083e-06	1.40172	1.53294e-06
chr20	52601799	52601876	-	19368	19368	19368	tRNAscan	19368	tRNAscan	0.00	0.00	0.00	0.00	0.52	0.36	4.10804e-05	1.55568	2.85129e-05
chr14	73588825	73588897	-	19464	19464	19464	tRNAscan	19464	tRNAscan	0.00	0.00	0.00	0.00	0.59	0.41	8.26672e-06	1.773	5.73777e-06
chr2	74896919	74896987	+	19496	19496	19496	tRNAscan	19496	tRNAscan	0.00	0.00	0.00	0.00	0.66	0.46	1.37509e-07	2.02175	9.54703e-08
chr1	107953653	107953723	-	19543	19543	19543	tRNAscan	19543	tRNAscan	0.00	0.00	0.00	0.00	0.63	0.43	4.25612e-05	1.8897	2.95254e-05
chr1	222465005	222465077	+	19697	19697	19697	tRNAscan	19697	tRNAscan	0.00	0.00	0.00	0.00	0.59	0.41	1.08533e-05	1.78713	7.53123e-06
chr6	18836171	18836242	+	19740	19740	19740	tRNAscan	19740	tRNAscan	0.10	0.07	0.17	0.38	0.71	0.49	1.51774e-05	2.10702	1.05338e-05
chr2	218626409	218626484	+	19747	19747	19747	tRNAscan	19747	tRNAscan	0.00	0.00	0.00	0.00	0.55	0.38	7.60381e-06	1.65137	5.27797e-06
chr8	98141234	98141302	+	19842	19842	19842	tRNAscan	19842	tRNAscan	0.00	0.00	0.00	0.00	0.66	0.46	6.54875e-05	1.98828	4.54678e-05
chr2	45710302	45710374	-	19843	19843	19843	tRNAscan	19843	tRNAscan	0.00	0.00	0.00	0.00	0.59	0.41	1.17237e-05	1.76998	8.1392e-06
chr19	45478602	45478687	-	20010	20010	20010	tRNAscan	20010	tRNAscan	0.00	0.00	0.00	0.00	0.44	0.31	1.76081e-05	1.32837	8.03829e-07
chr2	71046358	71046430	-	20044	20044	20044	tRNAscan	20044	tRNAscan	0.00	0.00	0.00	0.00	0.59	0.41	2.5499e-06	1.7765	1.76915e-06
chrX	55180233	55180304	+	20087	20087	20087	tRNAscan	20087	tRNAscan	0.00	0.00	0.00	0.00	0.61	0.42	1.29475e-05	1.82849	8.98222e-06
chrX	55181322	55181396	-	20088	20088	20088	tRNAscan	20088	tRNAscan	0.00	0.00	0.00	0.00	0.56	0.39	2.49242e-05	1.69217	1.72957e-05
chr11	66348120	66348201	+	20137	20137	20137	tRNAscan	20137	tRNAscan	0.00	0.00	0.00	0.00	0.48	0.33	5.72886e-05	1.45002	2.22625e-05
chr2	77668467	77668537	+	20259	20259	20259	tRNAscan	20259	tRNAscan	0.00	0.00	0.00	0.00	0.63	0.43	9.31233e-06	1.86599	6.46431e-06
chr17	8119155	8119227	+	20271	20271	20271	tRNAscan	20271	tRNAscan	0.17	0.12	0.29	0.53	0.77	0.53	1.18654e-05	2.24643	1.5644e-05
chr17	8119752	8119823	+	20272	20272	20272	tRNAscan	20272	tRNAscan	0.10	0.07	0.14	0.35	0.69	0.48	4.00247e-05	2.06234	2.77874e-05
chr17	8120925	8121012	+	20273	20273	20273	tRNAscan	20273	tRNAscan	0.00	0.00	0.00	0.00	0.43	0.30	1.33178e-05	1.27344	9.2465e-06
chr17	8125746	8125816	+	20274	20274	20274	tRNAscan	20274	tRNAscan	0.00	0.00	0.31	0.60	0.82	0.57	4.97571e-06	2.42926	3.45353e-06
chr17	8186358	8186429	+	20275	20275	20275	tRNAscan	20275	tRNAscan	0.00	0.00	0.01	0.07	0.61	0.42	5.76955e-07	1.83744	4.00446e-07
chr17	8186866	8186947	+	20276	20276	20276	tRNAscan	20276	tRNAscan	0.00	0.00	0.00	0.00	0.48	0.33	1.10722e-05	1.43251	7.68441e-06
chr17	8187160	8187233	+	20277	20277	20277	tRNAscan	20277	tRNAscan	0.00	0.00	0.14	0.35	0.66	0.46	7.95543e-06	1.9512	5.52198e-06
chr17	8187593	8187666	+	20278	20278	20278	tRNAscan	20278	tRNAscan	0.00	0.00	0.17	0.41	0.68	0.47	2.38162e-05	2.0111	1.6532e-05
chr17	8221548	8221619	+	20279	20279	20279	tRNAscan	20279	tRNAscan	0.00	0.00	0.00	0.00	0.61	0.42	3.33341e-05	1.81714	2.31414e-05
chr17	8226991	8227064	-	20280	20280	20280	tRNAscan	20280	tRNAscan	0.00	0.00	0.19	0.42	0.69	0.48	4.93821e-06	2.04871	3.4282e-06
chr17	8226610	8226691	-	20281	20281	20281	tRNAscan	20281	tRNAscan	0.00	0.00	0.00	0.00	0.48	0.33	2.38378e-06	1.43387	1.65357e-06
chr17	8226235	8226308	-	20282	20282	20282	tRNAscan	20282	tRNAscan	0.00	0.00	0.16	0.37	0.67	0.47	2.77358e-06	1.97943	1.92464e-06
chr17	8222833	8222904	-	20283	20283	20283	tRNAscan	20283	tRNAscan	0.00	0.00	0.00	0.00	0.61	0.42	1.66026e-05	1.83506	1.1517e-05
chr17	8222238	8222309	-	20284	20284	20284	tRNAscan	20284	tRNAscan	0.11	0.08	0.19	0.43	0.72	0.50	2.81805e-05	2.16998	4.25592e-06
chr17	8220869	8220940	-	20285	20285	20285	tRNAscan	20285	tRNAscan	0.41	0.28	0.75	0.43	1.07	0.74	2.65272e-05	2.75434	1.84135e-05
chr17	8139452	8139525	-	20286	20286	20286	tRNAscan	20286	tRNAscan	0.00	0.00	0.14	0.35	0.66	0.46	1.55075e-05	1.95558	1.07635e-05
chr17	8138881	8138962	-	20287	20287	20287	tRNAscan	20287	tRNAscan	0.16	0.11	0.33	0.47	0.64	0.44	6.18849e-06	1.81781	4.29501e-06
chr17	8120314	8120395	-	20288	20288	20288	tRNAscan	20288	tRNAscan	0.00	0.00	0.00	0.00	0.48	0.33	1.64748e-05	1.40929	1.14318e-05
chr17	49192528	49192599	+	20332	20332	20332	tRNAscan	20332	tRNAscan	0.00	0.00	0.00	0.00	0.61	0.42	2.7906e-05	1.83105	1.9374e-05
chr6	145182723	145182794	+	20334	20334	20334	tRNAscan	20334	tRNAscan	0.00	0.00	0.00	0.00	0.61	0.42	7.35606e-06	1.80764	5.10342e-06
chr20	45322361	45322433	+	20368	20368	20368	tRNAscan	20368	tRNAscan	0.00	0.00	0.00	0.00	0.59	0.41	5.70433e-06	1.78467	3.96031e-06
chr15	89335073	89335145	+	20561	20561	20561	tRNAscan	20561	tRNAscan	0.00	0.00	0.00	0.00	0.59	0.41	1.7855e-05	1.77259	1.23915e-05
chr1	16725566	16725638	+	20644	20644	20644	tRNAscan	20644	tRNAscan	0.00	0.00	0.00	0.00	0.59	0.41	6.95074e-06	1.75111	4.82306e-06
chr1	16727285	16727355	+	20645	20645	20645	tRNAscan	20645	tRNAscan	0.00	0.00	0.00	0.00	0.63	0.43	3.88097e-06	1.85711	2.69418e-06
chr1	16860198	16860270	+	20646	20646	20646	tRNAscan	20646	tRNAscan	0.30	0.21	0.50	0.50	0.89	0.62	1.31164e-05	2.437	2.73096e-05
chr1	16861921	16861991	+	20647	20647	20647	tRNAscan	20647	tRNAscan	0.00	0.00	0.00	0.00	0.63	0.43	2.05754e-05	1.85834	1.42702e-05
chr1	16872583	16872654	+	20648	20648	20648	tRNAscan	20648	tRNAscan	0.00	0.00	0.00	0.00	0.61	0.42	1.93526e-07	1.82763	1.34357e-07
chr1	16875463	16875536	+	20649	20649	20649	tRNAscan	20649	tRNAscan	0.00	0.00	0.00	0.00	0.58	0.40	2.64269e-05	1.72303	1.8345e-05
chr1	16889677	16889750	+	20650	20650	20650	tRNAscan	20650	tRNAscan	0.00	0.00	0.00	0.00	0.58	0.40	7.80747e-06	1.71824	5.41781e-06
chr1	16854405	16854476	-	20651	20651	20651	tRNAscan	20651	tRNAscan	0.00	0.00	0.00	0.00	0.61	0.42	1.46603e-05	1.82072	1.01768e-05
chr1	16680006	16680078	-	20652	20652	20652	tRNAscan	20652	tRNAscan	0.00	0.00	0.00	0.00	0.59	0.41	2.63537e-05	1.74634	1.82905e-05
chr1	16678271	16678341	-	20653	20653	20653	tRNAscan	20653	tRNAscan	0.00	0.00	0.00	0.00	0.63	0.43	2.73692e-06	1.87708	1.89875e-06
chr1	16547665	16547737	-	20654	20654	20654	tRNAscan	20654	tRNAscan	0.30	0.21	0.50	0.50	0.89	0.62	2.41654e-05	2.44182	1.67746e-05
chr1	16545939	16546009	-	20655	20655	20655	tRNAscan	20655	tRNAscan	0.00	0.00	0.00	0.00	0.63	0.43	1.78704e-05	1.86224	1.24008e-05
chr1	16535279	16535350	-	20656	20656	20656	tRNAscan	20656	tRNAscan	0.00	0.00	0.00	0.00	0.61	0.42	2.48997e-05	1.84698	1.72919e-05
chr1	16532398	16532471	-	20657	20657	20657	tRNAscan	20657	tRNAscan	0.00	0.00	0.00	0.00	0.58	0.40	2.22022e-06	1.7128	1.54099e-06
chr1	16520585	16520658	-	20658	20658	20658	tRNAscan	20658	tRNAscan	0.00	0.00	0.00	0.00	0.58	0.40	1.57473e-05	1.74767	1.09261e-05
chr1	147073225	147073296	+	20664	20664	20664	tRNAscan	20664	tRNAscan	0.00	0.00	0.00	0.00	0.61	0.42	4.36287e-05	1.83462	3.02783e-05
chr1	147078630	147078701	+	20665	20665	20665	tRNAscan	20665	tRNAscan	0.00	0.00	0.00	0.00	0.61	0.42	2.09146e-05	1.83522	1.45068e-05
chr1	147005201	147005272	-	20666	20666	20666	tRNAscan	20666	tRNAscan	0.00	0.00	0.00	0.00	0.61	0.42	8.28124e-06	1.82986	5.74783e-06
chr6	28982199	28982270	+	20819	20819	20819	tRNAscan	20819	tRNAscan	0.08	0.05	0.12	0.33	0.69	0.48	5.83715e-06	2.02626	4.05163e-06
chr6	28989002	28989083	+	20820	20820	20820	tRNAscan	20820	tRNAscan	0.06	0.04	0.14	0.34	0.55	0.38	5.82287e-06	1.62071	4.04312e-06
chr6	28981672	28981744	-	20821	20821	20821	tRNAscan	20821	tRNAscan	0.07	0.05	0.11	0.31	0.66	0.46	4.27247e-06	1.94463	2.96576e-06
chr13	36065610	36065681	-	20822	20822	20822	tRNAscan	20822	tRNAscan	0.00	0.00	0.00	0.00	0.61	0.42	5.81739e-06	1.83952	4.03899e-06
chr20	31500900	31500971	+	20829	20829	20829	tRNAscan	20829	tRNAscan	0.00	0.00	0.00	0.00	0.61	0.42	8.83229e-06	1.82515	6.12874e-06
chr1	178708903	178708975	+	20830	20830	20830	tRNAscan	20830	tRNAscan	0.00	0.00	0.00	0.00	0.59	0.41	2.47311e-05	1.79158	1.71582e-05
chr8	46828416	46828490	-	21301	21301	21301	tRNAscan	21301	tRNAscan	0.00	0.00	0.00	0.00	0.56	0.39	1.86658e-05	1.67993	1.29499e-05
chr6	26286526	26286597	+	21322	21322	21322	tRNAscan	21322	tRNAscan	0.15	0.11	0.24	0.50	0.76	0.52	2.37379e-06	2.21617	1.64784e-06
chr6	26299677	26299749	+	21323	21323	21323	tRNAscan	21323	tRNAscan	0.00	0.00	0.00	0.00	0.59	0.41	2.31101e-05	1.79399	1.60312e-05
chr6	26322818	26322890	+	21324	21324	21324	tRNAscan	21324	tRNAscan	0.00	0.00	0.00	0.00	0.59	0.41	6.01869e-06	1.77802	4.17625e-06
chr6	26327589	26327670	+	21325	21325	21325	tRNAscan	21325	tRNAscan	0.00	0.00	0.00	0.00	0.48	0.33	3.33215e-05	1.44126	2.31329e-05
chr6	26328140	26328212	+	21326	21326	21326	tRNAscan	21326	tRNAscan	0.00	0.00	0.00	0.00	0.59	0.41	7.37659e-06	1.77261	5.12105e-06
chr6	26521208	26521290	+	21327	21327	21327	tRNAscan	21327	tRNAscan	0.00	0.00	0.00	0.00	0.47	0.33	2.72338e-06	1.40318	1.88974e-06
chr6	26537498	26537570	+	21328	21328	21328	tRNAscan	21328	tRNAscan	0.00	0.00	0.00	0.00	0.59	0.41	2.10448e-05	1.75945	1.46006e-05
chr6	26538054	26538126	+	21329	21329	21329	tRNAscan	21329	tRNAscan	0.00	0.00	0.00	0.00	0.59	0.41	2.96824e-07	1.78429	2.06007e-07
chr6	26553503	26553574	+	21330	21330	21330	tRNAscan	21330	tRNAscan	0.00	0.00	0.00	0.00	0.61	0.42	2.28957e-05	1.82206	1.58805e-05
chr6	26554122	26554195	+	21331	21331	21331	tRNAscan	21331	tRNAscan	0.00	0.00	0.17	0.40	0.68	0.47	2.75556e-05	2.01364	1.91318e-05
chr6	26555270	26555341	+	21332	21332	21332	tRNAscan	21332	tRNAscan	0.00	0.00	0.00	0.00	0.61	0.42	1.40845e-05	1.83252	9.77853e-06
chr6	26556546	26556618	+	21333	21333	21333	tRNAscan	21333	tRNAscan	0.00	0.00	0.00	0.00	0.59	0.41	2.05114e-05	1.77023	1.42301e-05
chr6	26568858	26568948	+	21334	21334	21334	tRNAscan	21334	tRNAscan	0.00	0.00	0.00	0.00	0.40	0.28	1.5052e-05	1.21227	1.04408e-05
chr6	26575570	26575659	+	21335	21335	21335	tRNAscan	21335	tRNAscan	0.00	0.00	0.00	0.00	0.41	0.28	3.57149e-06	1.23659	2.4794e-06
chr6	26577104	26577192	+	21336	21336	21336	tRNAscan	21336	tRNAscan	0.00	0.00	0.00	0.00	0.42	0.29	1.2465e-05	1.24877	8.65465e-06
chr6	26594874	26594962	+	21337	21337	21337	tRNAscan	21337	tRNAscan	0.00	0.00	0.00	0.00	0.42	0.29	1.8732e-07	1.2545	1.30048e-07
chr6	26673362	26673434	+	21338	21338	21338	tRNAscan	21338	tRNAscan	0.12	0.08	0.19	0.39	0.70	0.49	1.86357e-06	2.08224	1.74165e-05
chr6	26682487	26682559	+	21339	21339	21339	tRNAscan	21339	tRNAscan	0.12	0.08	0.18	0.39	0.70	0.49	3.02329e-05	2.06945	2.09741e-05
chr6	26687257	26687329	+	21340	21340	21340	tRNAscan	21340	tRNAscan	0.00	0.00	0.00	0.00	0.59	0.41	1.52216e-05	1.78029	1.05648e-05
chr6	26701483	26701555	+	21341	21341	21341	tRNAscan	21341	tRNAscan	0.00	0.00	0.00	0.00	0.59	0.41	2.27534e-05	1.77021	1.57949e-05
chr6	26705377	26705449	+	21342	21342	21342	tRNAscan	21342	tRNAscan	0.00	0.00	0.00	0.00	0.59	0.41	1.3573e-05	1.80504	9.42077e-06
chr6	26728053	26728125	+	21343	21343	21343	tRNAscan	21343	tRNAscan	0.00	0.00	0.00	0.00	0.59	0.41	1.19584e-05	1.77732	8.29869e-06
chr6	26730534	26730606	+	21344	21344	21344	tRNAscan	21344	tRNAscan	0.00	0.00	0.00	0.00	0.59	0.41	9.06606e-07	1.77863	2.30272e-05
chr6	26743263	26743335	+	21345	21345	21345	tRNAscan	21345	tRNAscan	0.00	0.00	0.00	0.00	0.59	0.41	2.43738e-05	1.78767	1.69148e-05
chr6	26756552	26756625	+	21346	21346	21346	tRNAscan	21346	tRNAscan	0.00	0.00	0.07	0.26	0.62	0.43	2.3567e-06	1.85376	1.63594e-06
chr6	26766234	26766306	+	21347	21347	21347	tRNAscan	21347	tRNAscan	0.00	0.00	0.00	0.00	0.59	0.41	1.49207e-06	1.76446	1.03551e-06
chr6	26780622	26780695	+	21348	21348	21348	tRNAscan	21348	tRNAscan	0.00	0.00	0.00	0.00	0.58	0.40	2.81192e-05	1.74391	2.95344e-05
chr6	26828227	26828299	-	21349	21349	21349	tRNAscan	21349	tRNAscan	0.12	0.08	0.21	0.41	0.72	0.50	2.73783e-05	2.11891	1.89929e-05
chr6	26819109	26819181	-	21350	21350	21350	tRNAscan	21350	tRNAscan	0.12	0.08	0.21	0.41	0.72	0.50	2.27938e-06	2.11687	1.58166e-06
chr6	26814339	26814411	-	21351	21351	21351	tRNAscan	21351	tRNAscan	0.00	0.00	0.00	0.00	0.59	0.41	3.60085e-05	1.77748	1.12111e-05
chr6	26800113	26800185	-	21352	21352	21352	tRNAscan	21352	tRNAscan	0.00	0.00	0.00	0.00	0.59	0.41	2.14487e-05	1.77689	1.48869e-05
chr6	26796209	26796281	-	21353	21353	21353	tRNAscan	21353	tRNAscan	0.00	0.00	0.00	0.00	0.59	0.41	5.67794e-06	1.76823	1.68908e-05
chr6	26773561	26773633	-	21354	21354	21354	tRNAscan	21354	tRNAscan	0.00	0.00	0.00	0.00	0.59	0.41	4.23592e-06	1.76955	2.93975e-06
chr6	26771080	26771152	-	21355	21355	21355	tRNAscan	21355	tRNAscan	0.00	0.00	0.00	0.00	0.59	0.41	2.04206e-05	1.78255	1.41759e-05
chr6	26749912	26749984	-	21356	21356	21356	tRNAscan	21356	tRNAscan	0.00	0.00	0.00	0.00	0.59	0.41	6.4967e-06	1.78512	4.50916e-06
chr6	26749199	26749272	-	21357	21357	21357	tRNAscan	21357	tRNAscan	0.00	0.00	0.00	0.00	0.58	0.40	6.77938e-06	1.71622	4.70507e-06
chr6	26735370	26735442	-	21358	21358	21358	tRNAscan	21358	tRNAscan	0.00	0.00	0.00	0.00	0.59	0.41	3.86036e-06	1.75891	2.68011e-06
chr6	26720992	26721065	-	21359	21359	21359	tRNAscan	21359	tRNAscan	0.00	0.00	0.00	0.00	0.58	0.40	8.269e-06	1.71574	5.74107e-06
chr6	26571864	26571936	-	21360	21360	21360	tRNAscan	21360	tRNAscan	0.00	0.00	0.00	0.00	0.59	0.41	5.127e-06	1.77567	3.55848e-06
chr6	26532917	26532990	-	21361	21361	21361	tRNAscan	21361	tRNAscan	0.00	0.00	0.00	0.00	0.58	0.40	7.1213e-06	1.76115	4.94115e-06
chr6	26331444	26331515	-	21362	21362	21362	tRNAscan	21362	tRNAscan	0.00	0.00	0.00	0.05	0.61	0.42	9.50253e-07	1.84281	6.59361e-07
chr6	26330301	26330372	-	21363	21363	21363	tRNAscan	21363	tRNAscan	0.15	0.11	0.23	0.47	0.75	0.52	1.05993e-06	2.22767	7.35438e-07
chr6	26319102	26319173	-	21364	21364	21364	tRNAscan	21364	tRNAscan	0.00	0.00	0.01	0.07	0.61	0.42	6.34863e-06	1.8383	4.4038e-06
chr6	26313124	26313195	-	21365	21365	21365	tRNAscan	21365	tRNAscan	0.15	0.11	0.22	0.47	0.74	0.52	5.81208e-06	2.1885	4.03526e-06
chr6	26312596	26312677	-	21366	21366	21366	tRNAscan	21366	tRNAscan	0.00	0.00	0.00	0.00	0.48	0.33	6.06113e-07	1.44682	4.20786e-07
chr6	26311747	26311818	-	21367	21367	21367	tRNAscan	21367	tRNAscan	0.00	0.00	0.00	0.00	0.61	0.42	1.65102e-05	1.8092	1.1458e-05
chr6	26311196	26311267	-	21368	21368	21368	tRNAscan	21368	tRNAscan	0.00	0.00	0.00	0.00	0.61	0.42	5.22392e-05	1.83259	3.62591e-05
chr6	26305490	26305573	-	21369	21369	21369	tRNAscan	21369	tRNAscan	0.00	0.00	0.00	0.00	0.46	0.32	1.67282e-06	1.37396	1.16058e-06
chr16	73478317	73478389	-	21435	21435	21435	tRNAscan	21435	tRNAscan	0.00	0.00	0.00	0.00	0.59	0.41	1.03787e-06	1.77884	7.20153e-07
chr6	125780247	125780318	-	21436	21436	21436	tRNAscan	21436	tRNAscan	0.08	0.05	0.13	0.33	0.69	0.48	1.81932e-05	2.06743	1.26282e-05
chr15	78860562	78860634	+	21907	21907	21907	tRNAscan	21907	tRNAscan	0.00	0.00	0.00	0.00	0.59	0.41	3.67862e-05	1.77107	2.55424e-05
chr3	132231798	132231869	-	21915	21915	21915	tRNAscan	21915	tRNAscan	0.00	0.00	0.00	0.00	0.61	0.42	2.56285e-05	1.81216	1.77856e-05
chr3	132229100	132229171	-	21916	21916	21916	tRNAscan	21916	tRNAscan	0.09	0.06	0.15	0.36	0.70	0.49	1.39845e-05	2.08442	9.70435e-06
chr6	37320219	37320291	+	21977	21977	21977	tRNAscan	21977	tRNAscan	0.60	0.41	1.00	0.00	1.19	0.82	0.0290582	2.85204	0.0201663
chr12	27690373	27690445	+	22204	22204	22204	tRNAscan	22204	tRNAscan	0.00	0.00	0.00	0.00	0.59	0.41	7.08005e-07	1.75555	3.0386e-05
chr1	39504523	39504595	+	22206	22206	22206	tRNAscan	22206	tRNAscan	0.00	0.00	0.00	0.00	0.59	0.41	1.86379e-05	1.77364	1.2938e-05
chr17	38867645	38867716	+	22261	22261	22261	tRNAscan	22261	tRNAscan	0.09	0.06	0.13	0.34	0.69	0.48	2.9646e-05	2.01554	2.05835e-05
chr17	39154491	39154562	-	22262	22262	22262	tRNAscan	22262	tRNAscan	0.09	0.06	0.14	0.35	0.70	0.48	1.51248e-06	2.06963	1.04982e-06
chr17	39153734	39153805	-	22263	22263	22263	tRNAscan	22263	tRNAscan	0.09	0.06	0.13	0.34	0.69	0.48	4.99791e-05	2.07287	1.01908e-06
chr17	38869292	38869363	-	22264	22264	22264	tRNAscan	22264	tRNAscan	0.09	0.06	0.14	0.35	0.69	0.48	4.0707e-05	2.06661	2.82636e-05
chr17	38861684	38861755	-	22265	22265	22265	tRNAscan	22265	tRNAscan	0.00	0.00	0.00	0.00	0.61	0.42	4.14103e-06	1.82755	2.8738e-06
chr17	38833722	38833793	-	22266	22266	22266	tRNAscan	22266	tRNAscan	0.00	0.00	0.00	0.00	0.61	0.42	6.07195e-05	1.81378	3.91164e-06
chr17	38751781	38751854	-	22267	22267	22267	tRNAscan	22267	tRNAscan	0.00	0.00	0.00	0.00	0.58	0.40	7.57713e-06	1.74894	5.2562e-06
chr4	155462736	155462807	+	22343	22343	22343	tRNAscan	22343	tRNAscan	0.00	0.00	0.00	0.00	0.61	0.42	2.50015e-05	1.83404	1.73463e-05
chr4	155463826	155463900	-	22344	22344	22344	tRNAscan	22344	tRNAscan	0.00	0.00	0.00	0.00	0.56	0.39	8.23707e-05	1.68831	8.23523e-05
chr15	45201151	45201222	+	22349	22349	22349	tRNAscan	22349	tRNAscan	0.00	0.00	0.00	0.00	0.61	0.42	4.83108e-06	1.81673	3.35388e-06
chr15	45200413	45200484	-	22350	22350	22350	tRNAscan	22350	tRNAscan	0.00	0.00	0.00	0.00	0.61	0.42	1.01636e-05	1.81099	2.68613e-05
chr15	45198606	45198677	-	22351	22351	22351	tRNAscan	22351	tRNAscan	0.00	0.00	0.00	0.00	0.61	0.42	4.33067e-06	1.82708	3.00556e-06
chr1	144419267	144419340	+	22420	22420	22420	tRNAscan	22420	tRNAscan	0.00	0.00	0.00	0.00	0.58	0.40	2.14863e-05	1.73475	1.49076e-05
chr1	144567515	144567588	-	22421	22421	22421	tRNAscan	22421	tRNAscan	0.00	0.00	0.00	0.00	0.58	0.40	1.51511e-05	1.73918	1.05169e-05
chr1	144539650	144539723	-	22422	22422	22422	tRNAscan	22422	tRNAscan	0.00	0.00	0.00	0.00	0.58	0.40	4.37336e-06	1.71143	3.03624e-06
chr15	26082234	26082305	-	22641	22641	22641	tRNAscan	22641	tRNAscan	0.31	0.21	0.51	0.50	0.92	0.64	0.000104799	2.53152	7.27303e-05
chr1	143584701	143584772	+	22773	22773	22773	tRNAscan	22773	tRNAscan	0.00	0.00	0.00	0.00	0.61	0.42	4.90029e-06	1.82564	3.39995e-06
chr1	143691474	143691545	+	22774	22774	22774	tRNAscan	22774	tRNAscan	0.00	0.00	0.00	0.00	0.61	0.42	7.19478e-07	1.83748	4.9932e-07
chr1	143839718	143839786	+	22775	22775	22775	tRNAscan	22775	tRNAscan	0.00	0.00	0.00	0.00	0.66	0.46	7.48069e-06	1.97786	5.19226e-06
chr1	143848514	143848584	-	22776	22776	22776	tRNAscan	22776	tRNAscan	0.00	0.00	0.00	0.00	0.63	0.43	3.28707e-06	1.88613	2.28125e-06
chr1	143831708	143831781	-	22777	22777	22777	tRNAscan	22777	tRNAscan	0.00	0.00	0.00	0.00	0.58	0.40	4.38722e-05	1.73016	3.04547e-05
chr1	143803994	143804066	-	22778	22778	22778	tRNAscan	22778	tRNAscan	0.00	0.00	0.00	0.00	0.59	0.41	8.15522e-06	1.76767	5.6601e-06
chr1	143800041	143800111	-	22779	22779	22779	tRNAscan	22779	tRNAscan	0.00	0.00	0.00	0.00	0.63	0.43	3.7731e-06	1.88922	2.61784e-06
chr1	143792724	143792795	-	22780	22780	22780	tRNAscan	22780	tRNAscan	0.00	0.00	0.00	0.00	0.61	0.42	6.64442e-05	1.82444	6.59001e-06
chr1	143789868	143789941	-	22781	22781	22781	tRNAscan	22781	tRNAscan	0.00	0.00	0.00	0.00	0.58	0.40	6.17784e-06	1.73641	2.28776e-05
chr1	143784145	143784217	-	22782	22782	22782	tRNAscan	22782	tRNAscan	0.00	0.00	0.00	0.00	0.59	0.41	4.85473e-06	1.78324	3.36971e-06
chr1	143735920	143735993	-	22783	22783	22783	tRNAscan	22783	tRNAscan	0.00	0.00	0.00	0.00	0.58	0.40	5.96757e-06	1.73459	4.14112e-06
chr1	143717292	143717365	-	22784	22784	22784	tRNAscan	22784	tRNAscan	0.00	0.00	0.00	0.00	0.58	0.40	1.85555e-05	1.71378	1.28754e-05
chr1	143666988	143667059	-	22785	22785	22785	tRNAscan	22785	tRNAscan	0.00	0.00	0.00	0.00	0.61	0.42	1.61549e-05	1.82092	1.1211e-05
chr1	143661182	143661253	-	22786	22786	22786	tRNAscan	22786	tRNAscan	0.00	0.00	0.00	0.00	0.61	0.42	3.56195e-05	1.81929	2.99798e-05
chr8	11935871	11935942	+	22787	22787	22787	tRNAscan	22787	tRNAscan	0.00	0.00	0.00	0.00	0.61	0.42	6.9964e-06	1.85116	4.85661e-06
chr3	17699900	17699972	-	22883	22883	22883	tRNAscan	22883	tRNAscan	0.00	0.00	0.00	0.00	0.59	0.41	3.01948e-05	1.76578	2.0957e-05
chr12	49817407	49817481	-	23238	23238	23238	tRNAscan	23238	tRNAscan	0.00	0.00	0.00	0.00	0.56	0.39	2.76487e-06	1.67472	1.9185e-06
chr14	102317092	102317165	+	23355	23355	23355	tRNAscan	23355	tRNAscan	0.00	0.00	0.16	0.41	0.67	0.47	1.70439e-05	2.00111	1.18262e-05
chrX	18674909	18674981	-	23461	23461	23461	tRNAscan	23461	tRNAscan	0.00	0.00	0.00	0.00	0.59	0.41	9.06519e-06	1.79207	6.29174e-06
chr5	142394423	142394494	-	23496	23496	23496	tRNAscan	23496	tRNAscan	0.00	0.00	0.00	0.00	0.61	0.42	4.13712e-05	1.81791	2.87152e-05
chr11	122559947	122560019	+	23497	23497	23497	tRNAscan	23497	tRNAscan	0.00	0.00	0.00	0.00	0.59	0.41	7.01358e-06	1.78253	4.86941e-06
chr17	15505371	15505444	+	23726	23726	23726	tRNAscan	23726	tRNAscan	1.17	0.80	2.00	0.00	1.73	1.20	0.181669	3.69836	0.127615
chr2	87112450	87112521	+	23898	23898	23898	tRNAscan	23898	tRNAscan	0.00	0.00	0.00	0.00	0.61	0.42	2.35845e-05	1.81423	1.63673e-05
chr8	123258485	123258557	-	23968	23968	23968	tRNAscan	23968	tRNAscan	0.00	0.00	0.00	0.00	0.59	0.41	2.12433e-06	1.77464	1.47399e-06
chr8	123157230	123157302	-	23969	23969	23969	tRNAscan	23969	tRNAscan	0.00	0.00	0.00	0.00	0.59	0.41	3.32669e-06	1.79129	2.42597e-05
chr9	123893243	123893315	-	24113	24113	24113	tRNAscan	24113	tRNAscan	0.00	0.00	0.00	0.00	0.59	0.41	5.29188e-05	1.76683	3.67107e-05
chr2	158881659	158881730	-	24173	24173	24173	tRNAscan	24173	tRNAscan	0.00	0.00	0.00	0.00	0.61	0.42	8.58169e-06	1.82291	5.95146e-06
chr1	146035692	146035763	+	24302	24302	24302	tRNAscan	24302	tRNAscan	0.08	0.05	0.10	0.30	0.67	0.47	4.93201e-05	1.99621	3.42182e-05
chr1	146037061	146037132	+	24303	24303	24303	tRNAscan	24303	tRNAscan	0.10	0.07	0.19	0.39	0.73	0.50	2.63875e-06	2.13718	1.83179e-06
chr1	146038044	146038115	+	24304	24304	24304	tRNAscan	24304	tRNAscan	0.00	0.00	0.00	0.00	0.61	0.42	3.73542e-06	1.82741	2.59157e-06
chr1	146039401	146039473	+	24305	24305	24305	tRNAscan	24305	tRNAscan	0.00	0.00	0.00	0.00	0.59	0.41	7.30048e-06	1.77007	5.06657e-06
chr1	146055612	146055683	+	24306	24306	24306	tRNAscan	24306	tRNAscan	0.00	0.00	0.00	0.00	0.61	0.42	1.46176e-06	1.82644	1.01417e-06
chr1	146370101	146370174	+	24307	24307	24307	tRNAscan	24307	tRNAscan	0.00	0.00	0.00	0.00	0.58	0.40	2.44122e-06	1.73452	1.69438e-06
chr1	146394195	146394268	+	24308	24308	24308	tRNAscan	24308	tRNAscan	0.00	0.00	0.00	0.00	0.58	0.40	1.86011e-05	1.72661	1.2916e-05
chr1	146488866	146488936	+	24309	24309	24309	tRNAscan	24309	tRNAscan	0.00	0.00	0.00	0.00	0.63	0.43	5.63651e-06	1.8844	3.91324e-06
chr1	146486572	146486645	-	24310	24310	24310	tRNAscan	24310	tRNAscan	0.00	0.00	0.00	0.00	0.58	0.40	7.3466e-06	1.70682	4.03295e-05
chr1	146049198	146049273	-	24311	24311	24311	tRNAscan	24311	tRNAscan	0.00	0.00	0.00	0.00	0.55	0.38	2.35199e-05	1.63957	1.6323e-05
chr11	59551294	59551379	+	24590	24590	24590	tRNAscan	24590	tRNAscan	0.00	0.00	0.00	0.00	0.44	0.31	1.49194e-05	1.33499	1.03524e-05
chr11	59551755	59551837	+	24591	24591	24591	tRNAscan	24591	tRNAscan	0.00	0.00	0.00	0.00	0.47	0.33	2.72286e-06	1.40325	1.89089e-06
chr11	59556429	59556501	+	24592	24592	24592	tRNAscan	24592	tRNAscan	0.17	0.12	0.26	0.50	0.75	0.52	1.48564e-06	2.22604	1.03126e-06
chr11	59566380	59566452	-	24593	24593	24593	tRNAscan	24593	tRNAscan	0.07	0.05	0.12	0.32	0.66	0.46	5.77694e-06	1.96531	4.01203e-06
chr11	59560335	59560407	-	24594	24594	24594	tRNAscan	24594	tRNAscan	0.17	0.12	0.28	0.53	0.76	0.53	1.34937e-05	2.23996	9.3661e-06
chr11	59557497	59557569	-	24595	24595	24595	tRNAscan	24595	tRNAscan	0.07	0.05	0.11	0.31	0.66	0.46	5.45573e-06	1.95624	3.78627e-06
chr11	59550987	59551059	-	24596	24596	24596	tRNAscan	24596	tRNAscan	0.00	0.00	0.00	0.00	0.59	0.41	1.1002e-06	1.78758	7.63459e-07
chr11	59550629	59550701	-	24597	24597	24597	tRNAscan	24597	tRNAscan	0.00	0.00	0.00	0.00	0.59	0.41	1.87499e-05	1.78102	1.30143e-05
chr6	142257639	142257709	+	24598	24598	24598	tRNAscan	24598	tRNAscan	0.00	0.00	0.00	0.00	0.63	0.43	8.09789e-06	1.90686	5.62224e-06
chr19	19741398	19741468	+	24607	24607	24607	tRNAscan	24607	tRNAscan	0.00	0.00	0.00	0.00	0.63	0.43	4.44688e-06	1.86713	3.08532e-06
chr4	40906726	40906798	-	24705	24705	24705	tRNAscan	24705	tRNAscan	0.00	0.00	0.00	0.00	0.59	0.41	1.06168e-05	1.76224	7.36744e-06
chr3	125694333	125694404	-	24761	24761	24761	tRNAscan	24761	tRNAscan	0.00	0.00	0.00	0.00	0.61	0.42	3.3784e-06	1.82194	2.34441e-06
chr12	97096913	97096986	-	24766	24766	24766	tRNAscan	24766	tRNAscan	0.00	0.00	0.00	0.00	0.58	0.40	2.07202e-05	1.72645	1.43793e-05
chr11	109165312	109165393	+	24768	24768	24768	tRNAscan	24768	tRNAscan	0.00	0.00	0.00	0.00	0.48	0.33	9.2651e-06	1.43529	6.43211e-06
chr19	35575848	35575920	+	24991	24991	24991	tRNAscan	24991	tRNAscan	0.00	0.00	0.00	0.00	0.59	0.41	1.04529e-05	1.79259	7.24998e-06
chr19	35620558	35620628	-	24992	24992	24992	tRNAscan	24992	tRNAscan	0.00	0.00	0.00	0.00	0.63	0.43	1.71871e-05	1.86465	1.19261e-05
chr17	7621139	7621207	+	24993	24993	24993	tRNAscan	24993	tRNAscan	0.00	0.00	0.00	0.00	0.66	0.46	2.36779e-05	1.98839	1.64421e-05
chr14	88979098	88979170	+	25049	25049	25049	tRNAscan	25049	tRNAscan	0.00	0.00	0.00	0.00	0.59	0.41	1.19785e-05	1.79025	8.31894e-06
chr19	33177057	33177130	+	25052	25052	25052	tRNAscan	25052	tRNAscan	0.00	0.00	0.14	0.34	0.66	0.46	1.64423e-05	1.95435	1.14126e-05
chr19	4724070	4724141	+	25289	25289	25289	tRNAscan	25289	tRNAscan	0.00	0.00	0.00	0.00	0.61	0.42	2.01474e-05	1.81495	1.39838e-05
chr19	4724635	4724707	-	25290	25290	25290	tRNAscan	25290	tRNAscan	0.00	0.00	0.00	0.00	0.59	0.41	2.62782e-06	1.77513	1.82453e-06
chr9	74903074	74903145	-	25574	25574	25574	tRNAscan	25574	tRNAscan	0.00	0.00	0.00	0.00	0.61	0.42	1.1898e-05	1.83788	8.25949e-06
chr11	76235513	76235584	+	25583	25583	25583	tRNAscan	25583	tRNAscan	0.00	0.00	0.00	0.00	0.61	0.42	1.31445e-05	1.82981	9.12031e-06
chr11	76235825	76235896	-	25584	25584	25584	tRNAscan	25584	tRNAscan	0.00	0.00	0.00	0.00	0.61	0.42	1.24541e-05	1.79857	8.64765e-06
chr7	149546540	149546611	+	25597	25597	25597	tRNAscan	25597	tRNAscan	1.24	0.85	2.00	0.00	1.83	1.27	0.174395	3.92452	0.121514
chr7	149556711	149556782	+	25598	25598	25598	tRNAscan	25598	tRNAscan	0.00	0.00	0.00	0.00	0.61	0.42	3.08933e-05	1.84213	2.14462e-05
chr7	149558042	149558114	+	25599	25599	25599	tRNAscan	25599	tRNAscan	0.60	0.41	1.00	0.00	1.19	0.82	0.0307885	2.81333	0.0213614
chr7	149584725	149584796	+	25600	25600	25600	tRNAscan	25600	tRNAscan	0.00	0.00	0.00	0.00	0.61	0.42	1.21535e-07	1.85388	8.43657e-08
chr7	149597955	149598026	+	25601	25601	25601	tRNAscan	25601	tRNAscan	0.00	0.00	0.00	0.00	0.61	0.42	4.24921e-05	1.83688	2.9485e-05
chr7	149608376	149608447	+	25602	25602	25602	tRNAscan	25602	tRNAscan	0.00	0.00	0.00	0.00	0.61	0.42	4.78703e-06	1.81395	3.3213e-06
chr7	149635687	149635758	+	25603	25603	25603	tRNAscan	25603	tRNAscan	0.00	0.00	0.00	0.00	0.61	0.42	6.4772e-06	1.82793	4.49626e-06
chr7	149664824	149664895	+	25604	25604	25604	tRNAscan	25604	tRNAscan	0.00	0.00	0.00	0.00	0.61	0.42	6.21138e-06	1.82143	2.42843e-05
chr7	149707669	149707740	+	25605	25605	25605	tRNAscan	25605	tRNAscan	0.00	0.00	0.00	0.00	0.61	0.42	3.86094e-05	1.81039	1.07755e-05
chr7	149691181	149691252	-	25606	25606	25606	tRNAscan	25606	tRNAscan	0.00	0.00	0.00	0.00	0.61	0.42	1.75504e-05	1.82717	1.21821e-05
chr7	149646955	149647026	-	25607	25607	25607	tRNAscan	25607	tRNAscan	0.00	0.00	0.00	0.00	0.61	0.42	8.96949e-06	1.81312	6.22557e-06
chr7	149613065	149613136	-	25608	25608	25608	tRNAscan	25608	tRNAscan	1.24	0.85	2.00	0.00	1.83	1.27	0.178636	3.8882	0.123877
chr7	149595214	149595285	-	25609	25609	25609	tRNAscan	25609	tRNAscan	0.00	0.00	0.00	0.00	0.61	0.42	8.27359e-06	1.81765	5.74386e-06
chr7	149589073	149589144	-	25610	25610	25610	tRNAscan	25610	tRNAscan	0.00	0.00	0.00	0.00	0.61	0.42	1.23814e-05	1.81477	8.59056e-06
chr7	149415138	149415209	-	25611	25611	25611	tRNAscan	25611	tRNAscan	0.00	0.00	0.00	0.00	0.61	0.42	5.34571e-06	1.81363	3.70827e-06
chr17	82494721	82494792	-	25612	25612	25612	tRNAscan	25612	tRNAscan	0.15	0.11	0.24	0.48	0.76	0.52	1.08176e-05	2.23733	7.50596e-06
chr3	169772230	169772302	+	25721	25721	25721	tRNAscan	25721	tRNAscan	0.00	0.00	0.00	0.00	0.59	0.41	6.03416e-06	1.79446	4.18847e-06
chr17	75033906	75033978	+	25809	25809	25809	tRNAscan	25809	tRNAscan	0.00	0.00	0.00	0.00	0.59	0.41	2.02401e-05	1.76734	1.40452e-05
chr17	75035113	75035185	+	25810	25810	25810	tRNAscan	25810	tRNAscan	0.00	0.00	0.00	0.00	0.59	0.41	4.03913e-06	1.77229	2.80175e-06
chr17	75034431	75034503	-	25811	25811	25811	tRNAscan	25811	tRNAscan	0.00	0.00	0.00	0.00	0.59	0.41	2.42423e-05	1.77556	1.68281e-05
chr12	56190364	56190445	+	25812	25812	25812	tRNAscan	25812	tRNAscan	0.16	0.11	0.34	0.47	0.64	0.45	1.37832e-06	1.85428	9.56969e-07
chr1	180215141	180215213	-	25933	25933	25933	tRNAscan	25933	tRNAscan	0.00	0.00	0.00	0.00	0.59	0.41	1.44005e-05	1.76229	1.87257e-05
chr15	79744655	79744727	+	26025	26025	26025	tRNAscan	26025	tRNAscan	0.00	0.00	0.00	0.00	0.59	0.41	2.26788e-06	1.78087	1.57416e-06
chr9	128340076	128340166	-	26038	26038	26038	tRNAscan	26038	tRNAscan	0.00	0.00	0.00	0.00	0.40	0.28	5.60624e-06	1.20109	3.89128e-06
chr2	150362763	150362835	+	26221	26221	26221	tRNAscan	26221	tRNAscan	0.00	0.00	0.00	0.00	0.59	0.41	4.49954e-05	1.77238	3.12386e-05
chrM	3230	3304	+	26266	26266	26266	tRNAscan	26266	tRNAscan	301.41	206.67	514.12	208.15	290.31	201.38	14.8341	479.191	10.1984
chr15	65869062	65869133	-	26291	26291	26291	tRNAscan	26291	tRNAscan	0.10	0.07	0.18	0.38	0.72	0.50	3.10662e-06	2.12733	2.1561e-06
chr1	148011059	148011129	+	26446	26446	26446	tRNAscan	26446	tRNAscan	0.00	0.00	0.00	0.00	0.63	0.43	3.72758e-07	1.88038	2.58717e-07
chr1	148032790	148032861	+	26447	26447	26447	tRNAscan	26447	tRNAscan	0.00	0.00	0.00	0.00	0.61	0.42	4.43464e-06	1.82168	3.07708e-06
chr1	148246758	148246831	+	26448	26448	26448	tRNAscan	26448	tRNAscan	0.00	0.00	0.00	0.00	0.58	0.40	6.87272e-06	1.72289	4.76989e-06
chr1	148281365	148281436	+	26449	26449	26449	tRNAscan	26449	tRNAscan	0.00	0.00	0.00	0.00	0.61	0.42	5.2987e-07	1.83212	3.67731e-07
chr1	148328812	148328883	+	26450	26450	26450	tRNAscan	26450	tRNAscan	0.00	0.00	0.00	0.00	0.61	0.42	1.5878e-05	1.81053	1.10181e-05
chr1	148353561	148353632	+	26451	26451	26451	tRNAscan	26451	tRNAscan	0.00	0.00	0.00	0.00	0.61	0.42	8.95374e-07	1.81951	6.21317e-07
chr1	148405384	148405457	+	26452	26452	26452	tRNAscan	26452	tRNAscan	0.00	0.00	0.00	0.00	0.58	0.40	8.32615e-06	1.72386	5.78093e-06
chr1	148529257	148529330	+	26453	26453	26453	tRNAscan	26453	tRNAscan	0.00	0.00	0.00	0.00	0.58	0.40	1.30567e-05	1.73862	9.06416e-06
chr1	148378916	148378989	-	26454	26454	26454	tRNAscan	26454	tRNAscan	0.00	0.00	0.00	0.00	0.58	0.40	1.06533e-06	1.74772	7.39705e-07
chr1	148308922	148308993	-	26455	26455	26455	tRNAscan	26455	tRNAscan	0.00	0.00	0.00	0.00	0.61	0.42	1.99267e-06	1.81346	1.38368e-06
chr1	148302734	148302805	-	26456	26456	26456	tRNAscan	26456	tRNAscan	0.00	0.00	0.00	0.00	0.61	0.42	6.19096e-06	1.82804	4.29774e-06
chr1	148265108	148265179	-	26457	26457	26457	tRNAscan	26457	tRNAscan	0.00	0.00	0.00	0.00	0.61	0.42	1.06025e-05	1.82144	7.35776e-06
chr1	148048516	148048589	-	26458	26458	26458	tRNAscan	26458	tRNAscan	0.00	0.00	0.00	0.00	0.58	0.40	1.86748e-06	1.74162	1.29612e-06
chr16	87384022	87384094	-	26578	26578	26578	tRNAscan	26578	tRNAscan	0.00	0.00	0.00	0.00	0.59	0.41	1.54125e-06	1.77093	1.06889e-06
chr14	58239895	58239967	-	26579	26579	26579	tRNAscan	26579	tRNAscan	0.00	0.00	0.00	0.00	0.59	0.41	1.71683e-05	1.7732	1.19204e-05
chr1	159141611	159141684	-	26615	26615	26615	tRNAscan	26615	tRNAscan	0.00	0.00	0.00	0.00	0.58	0.40	6.63542e-05	1.74513	2.85744e-06
chr7	99469684	99469755	+	26644	26644	26644	tRNAscan	26644	tRNAscan	0.00	0.00	0.00	0.00	0.61	0.42	2.85376e-06	1.82067	1.9821e-06
chr14	72962971	72963042	+	26715	26715	26715	tRNAscan	26715	tRNAscan	0.00	0.00	0.00	0.00	0.61	0.42	1.5349e-07	1.82328	1.06533e-07
chr2	223321597	223321669	-	26864	26864	26864	tRNAscan	26864	tRNAscan	0.00	0.00	0.00	0.00	0.59	0.41	6.37042e-06	1.79081	4.42129e-06
chr1	167714725	167714796	+	26876	26876	26876	tRNAscan	26876	tRNAscan	0.00	0.00	0.00	0.00	0.61	0.42	2.18377e-05	1.83221	1.51525e-05
chr1	167715488	167715559	-	26877	26877	26877	tRNAscan	26877	tRNAscan	0.00	0.00	0.00	0.00	0.61	0.42	3.21293e-06	1.794	2.23078e-06
chr5	152609036	152609211	+	26893	26893	26893	tRNAscan	26893	tRNAscan	0.00	0.00	0.00	0.00	0.16	0.11	7.40753e-06	0.480458	5.14041e-06
chr5	151868513	151868584	-	26894	26894	26894	tRNAscan	26894	tRNAscan	0.00	0.00	0.00	0.00	0.61	0.42	4.67513e-06	1.82686	3.2434e-06
chr21	14554195	14554265	+	26895	26895	26895	tRNAscan	26895	tRNAscan	0.00	0.00	0.00	0.00	0.63	0.43	2.14455e-05	1.86917	1.48761e-05
chr12	74457402	74457474	+	26896	26896	26896	tRNAscan	26896	tRNAscan	0.00	0.00	0.00	0.00	0.59	0.41	4.71761e-05	1.76076	1.01679e-05
chr8	66113367	66113459	+	26897	26897	26897	tRNAscan	26897	tRNAscan	0.00	0.00	0.00	0.00	0.39	0.27	5.17911e-06	1.15011	3.59542e-06
chr8	66113988	66114076	+	26898	26898	26898	tRNAscan	26898	tRNAscan	0.00	0.00	0.00	0.00	0.42	0.29	1.16301e-06	1.25138	8.06895e-07
chr8	66114189	66114261	+	26899	26899	26899	tRNAscan	26899	tRNAscan	0.00	0.00	0.00	0.00	0.59	0.41	1.53335e-05	1.77024	1.06361e-05
chr8	65697297	65697384	-	26900	26900	26900	tRNAscan	26900	tRNAscan	0.00	0.00	0.00	0.00	0.43	0.30	2.28114e-06	1.27156	1.58377e-06
chr2	117023841	117023915	+	26901	26901	26901	tRNAscan	26901	tRNAscan	0.00	0.00	0.00	0.00	0.56	0.39	1.05758e-05	1.68093	7.33851e-06
chr2	117024933	117025004	-	26902	26902	26902	tRNAscan	26902	tRNAscan	0.00	0.00	0.00	0.00	0.61	0.42	3.11912e-05	1.833	1.37623e-05
chr2	203364408	203364478	-	26986	26986	26986	tRNAscan	26986	tRNAscan	0.00	0.00	0.00	0.00	0.63	0.43	4.02023e-05	1.88762	2.79015e-05
chr5	26198430	26198502	-	26987	26987	26987	tRNAscan	26987	tRNAscan	0.00	0.00	0.00	0.00	0.59	0.41	5.39512e-06	1.78369	3.74427e-06
chr2	27050782	27050870	+	26988	26988	26988	tRNAscan	26988	tRNAscan	0.00	0.00	0.00	0.00	0.42	0.29	1.10858e-06	1.25027	7.69138e-07
chr2	27051214	27051286	+	26989	26989	26989	tRNAscan	26989	tRNAscan	0.00	0.00	0.00	0.00	0.59	0.41	1.6205e-05	1.78804	1.12383e-05
chr21	17454789	17454859	-	26990	26990	26990	tRNAscan	26990	tRNAscan	0.64	0.44	0.55	0.80	0.97	0.68	2.38363e-05	2.82093	1.65383e-05
chr7	128783450	128783521	+	26991	26991	26991	tRNAscan	26991	tRNAscan	0.00	0.00	0.00	0.00	0.61	0.42	3.41729e-05	1.82612	1.46625e-05
chr16	636736	636806	-	26992	26992	26992	tRNAscan	26992	tRNAscan	0.32	0.22	0.51	0.50	0.94	0.66	5.68964e-05	2.59568	4.9594e-05
chr1	121052606	121052674	+	27064	27064	27064	tRNAscan	27064	tRNAscan	0.00	0.00	0.00	0.00	0.66	0.46	5.16388e-06	1.97474	3.58297e-06
chr1	121061371	121061441	-	27065	27065	27065	tRNAscan	27065	tRNAscan	0.00	0.00	0.00	0.00	0.63	0.43	3.88716e-06	1.86817	2.69673e-06
chr1	121048432	121048505	-	27066	27066	27066	tRNAscan	27066	tRNAscan	0.00	0.00	0.00	0.00	0.58	0.40	2.25732e-06	1.72463	1.5666e-06
chr1	121020729	121020801	-	27067	27067	27067	tRNAscan	27067	tRNAscan	0.00	0.00	0.00	0.00	0.59	0.41	9.40948e-06	1.78997	6.53022e-06
chr1	121016845	121016915	-	27068	27068	27068	tRNAscan	27068	tRNAscan	0.00	0.00	0.00	0.00	0.63	0.43	1.49657e-05	1.89213	1.03866e-05
chr1	121009544	121009615	-	27069	27069	27069	tRNAscan	27069	tRNAscan	0.00	0.00	0.00	0.00	0.61	0.42	9.1213e-07	1.85503	6.33325e-07
chr1	121006695	121006768	-	27070	27070	27070	tRNAscan	27070	tRNAscan	0.00	0.00	0.00	0.00	0.58	0.40	5.74941e-05	1.73145	3.98872e-05
chr1	121000988	121001060	-	27071	27071	27071	tRNAscan	27071	tRNAscan	0.00	0.00	0.00	0.00	0.59	0.41	5.36945e-06	1.77647	3.72593e-06
chr10	67764503	67764584	+	27080	27080	27080	tRNAscan	27080	tRNAscan	0.00	0.00	0.00	0.00	0.48	0.33	2.96385e-06	1.43034	2.05774e-06
chr16	57299951	57300033	+	27081	27081	27081	tRNAscan	27081	tRNAscan	0.00	0.00	0.00	0.00	0.47	0.33	3.36893e-06	1.40302	2.33804e-06
chr16	57300480	57300562	-	27082	27082	27082	tRNAscan	27082	tRNAscan	0.00	0.00	0.00	0.00	0.47	0.33	3.10383e-05	1.39619	2.15415e-05
chr10	34302488	34302555	-	27244	27244	27244	tRNAscan	27244	tRNAscan	0.00	0.00	0.00	0.00	0.68	0.47	8.24058e-06	2.04251	5.71825e-06
chr4	123508850	123508921	-	27448	27448	27448	tRNAscan	27448	tRNAscan	0.09	0.06	0.17	0.37	0.71	0.49	6.75017e-06	2.08014	4.68639e-06
chr3	45688999	45689071	-	27471	27471	27471	tRNAscan	27471	tRNAscan	0.00	0.00	0.00	0.00	0.59	0.41	5.12546e-06	1.77841	3.55678e-06
chr3	104160680	104160751	-	27556	27556	27556	tRNAscan	27556	tRNAscan	0.00	0.00	0.00	0.00	0.61	0.42	9.12952e-07	1.82111	6.3359e-07
chr7	141803557	141803628	+	27579	27579	27579	tRNAscan	27579	tRNAscan	0.00	0.00	0.00	0.00	0.61	0.42	8.4606e-06	1.83253	5.87393e-06
chr8	18262694	18262763	+	27613	27613	27613	tRNAscan	27613	tRNAscan	0.00	0.00	0.00	0.00	0.64	0.45	3.46443e-05	1.91835	2.40426e-05
chr10	19747679	19747753	-	27614	27614	27614	tRNAscan	27614	tRNAscan	0.00	0.00	0.00	0.00	0.56	0.39	1.29795e-05	1.69571	9.00543e-06
chr14	22929701	22929773	+	27627	27627	27627	tRNAscan	27627	tRNAscan	0.00	0.00	0.00	0.00	0.59	0.41	2.34367e-06	1.79164	1.62662e-06
chr2	11551701	11551772	+	27656	27656	27656	tRNAscan	27656	tRNAscan	0.00	0.00	0.00	0.00	0.61	0.42	3.77476e-06	1.83055	2.6202e-06
chr1	207004809	207004885	-	27657	27657	27657	tRNAscan	27657	tRNAscan	0.00	0.00	0.00	0.00	0.54	0.37	3.38203e-06	1.61446	2.34752e-06
chr11	9275243	9275316	+	28020	28020	28020	tRNAscan	28020	tRNAscan	0.00	0.00	0.00	0.00	0.58	0.40	3.19974e-05	1.70944	2.22065e-05
chr2	95551446	95551517	-	28032	28032	28032	tRNAscan	28032	tRNAscan	0.00	0.00	0.00	0.00	0.61	0.42	4.68444e-05	1.80897	3.25319e-05
chr13	41455925	41455996	-	28108	28108	28108	tRNAscan	28108	tRNAscan	0.00	0.00	0.00	0.00	0.61	0.42	6.77247e-06	1.81526	4.70082e-06
chr13	41060738	41060809	-	28109	28109	28109	tRNAscan	28109	tRNAscan	0.00	0.00	0.00	0.00	0.61	0.42	5.61174e-07	1.82245	3.89791e-07
chr3	184648307	184648377	-	28121	28121	28121	tRNAscan	28121	tRNAscan	0.00	0.00	0.00	0.00	0.63	0.43	1.77344e-07	1.87196	1.23048e-07
chr17	68019897	68019969	-	28141	28141	28141	tRNAscan	28141	tRNAscan	0.00	0.00	0.00	0.00	0.59	0.41	8.04213e-07	1.77987	5.5833e-07
chr7	57186273	57186344	-	28155	28155	28155	tRNAscan	28155	tRNAscan	0.00	0.00	0.00	0.00	0.61	0.42	4.50256e-06	1.80668	3.12343e-06
chr11	60996036	60996105	+	28156	28156	28156	tRNAscan	28156	tRNAscan	0.00	0.00	0.00	0.00	0.64	0.45	2.90367e-05	1.92016	1.3893e-06
chr15	40593825	40593906	-	28163	28163	28163	tRNAscan	28163	tRNAscan	0.00	0.00	0.00	0.00	0.48	0.33	9.44437e-06	1.42206	6.55536e-06
chr3	106902031	106902102	-	28360	28360	28360	tRNAscan	28360	tRNAscan	0.00	0.00	0.00	0.00	0.61	0.42	2.19129e-05	1.8111	1.52135e-05
chr10	5853711	5853783	-	28494	28494	28494	tRNAscan	28494	tRNAscan	0.00	0.00	0.00	0.00	0.59	0.41	6.42466e-05	1.77695	4.45876e-05
chr16	14285893	14285964	+	28495	28495	28495	tRNAscan	28495	tRNAscan	0.00	0.00	0.00	0.00	0.61	0.42	2.81376e-05	1.83418	1.9543e-05
chr9	5095085	5095156	-	28521	28521	28521	tRNAscan	28521	tRNAscan	0.00	0.00	0.00	0.00	0.61	0.42	2.17748e-06	1.82763	1.51135e-06
chr1	172188399	172188467	-	28522	28522	28522	tRNAscan	28522	tRNAscan	0.00	0.00	0.00	0.00	0.66	0.46	3.00375e-06	1.98715	2.08451e-06
chr1	145129239	145129312	+	28523	28523	28523	tRNAscan	28523	tRNAscan	0.00	0.00	0.00	0.00	0.58	0.40	2.28333e-06	1.72056	1.5847e-06
chr1	145157157	145157229	+	28524	28524	28524	tRNAscan	28524	tRNAscan	0.00	0.00	0.00	0.00	0.59	0.41	1.83476e-05	1.79482	1.27352e-05
chr1	145161108	145161178	+	28525	28525	28525	tRNAscan	28525	tRNAscan	0.00	0.00	0.00	0.00	0.63	0.43	1.60696e-05	1.88856	1.11501e-05
chr1	145168412	145168483	+	28526	28526	28526	tRNAscan	28526	tRNAscan	0.00	0.00	0.00	0.00	0.61	0.42	1.33458e-06	1.81614	9.26885e-07
chr1	145171264	145171337	+	28527	28527	28527	tRNAscan	28527	tRNAscan	0.00	0.00	0.00	0.00	0.58	0.40	7.36782e-06	1.72175	5.11288e-06
chr1	145176939	145177011	+	28528	28528	28528	tRNAscan	28528	tRNAscan	0.00	0.00	0.00	0.00	0.59	0.41	9.96072e-06	1.78969	6.91088e-06
chr1	145287766	145287839	+	28529	28529	28529	tRNAscan	28529	tRNAscan	0.00	0.00	0.00	0.00	0.58	0.40	1.05607e-05	1.72336	6.59417e-05
chr1	145459658	145459729	+	28530	28530	28530	tRNAscan	28530	tRNAscan	0.00	0.00	0.00	0.00	0.61	0.42	6.58128e-07	1.82421	4.56809e-07
chr1	145563246	145563317	+	28531	28531	28531	tRNAscan	28531	tRNAscan	0.00	0.00	0.00	0.00	0.61	0.42	1.82814e-05	1.83919	1.26935e-05
chr1	145475381	145475454	-	28532	28532	28532	tRNAscan	28532	tRNAscan	0.00	0.00	0.00	0.00	0.58	0.40	1.41204e-05	1.75005	3.4073e-05
chrX	51563260	51563331	-	28569	28569	28569	tRNAscan	28569	tRNAscan	0.00	0.00	0.00	0.00	0.61	0.42	2.5756e-06	1.83034	1.78804e-06
chr2	70436825	70436895	-	28611	28611	28611	tRNAscan	28611	tRNAscan	0.00	0.00	0.00	0.00	0.63	0.43	2.39235e-05	1.8834	1.66017e-05
chr2	70248991	70249061	-	28612	28612	28612	tRNAscan	28612	tRNAscan	0.32	0.22	0.49	0.50	0.93	0.65	4.17129e-06	2.58797	2.89453e-06
chr3	13792389	13792456	+	28619	28619	28619	tRNAscan	28619	tRNAscan	0.00	0.00	0.00	0.00	0.68	0.47	6.08611e-06	2.02226	4.22338e-06
chr1	205474143	205474215	+	28620	28620	28620	tRNAscan	28620	tRNAscan	0.00	0.00	0.00	0.00	0.59	0.41	1.04703e-06	1.76096	7.26592e-07
chr22	44150657	44150742	+	28640	28640	28640	tRNAscan	28640	tRNAscan	0.00	0.00	0.00	0.00	0.44	0.31	4.29458e-06	1.33121	2.98014e-06
chr9	14433940	14434011	-	28652	28652	28652	tRNAscan	28652	tRNAscan	0.00	0.00	0.00	0.00	0.61	0.42	7.50503e-06	1.8231	5.21036e-06
chr11	54759308	54759380	-	28722	28722	28722	tRNAscan	28722	tRNAscan	0.00	0.00	0.00	0.00	0.59	0.41	8.62409e-06	1.76699	5.98641e-06
chr20	13989824	13989895	-	28781	28781	28781	tRNAscan	28781	tRNAscan	0.00	0.00	0.00	0.00	0.61	0.42	8.45123e-06	1.83861	5.86657e-06
chr1	93847573	93847657	+	28782	28782	28782	tRNAscan	28782	tRNAscan	0.00	0.00	0.00	0.00	0.45	0.31	4.40503e-07	1.35456	3.0578e-07
chr1	93516277	93516349	-	28783	28783	28783	tRNAscan	28783	tRNAscan	0.00	0.00	0.00	0.00	0.59	0.41	1.21921e-05	1.78473	3.22417e-06
chr6	57800211	57800284	+	28794	28794	28794	tRNAscan	28794	tRNAscan	0.00	0.00	0.00	0.00	0.58	0.40	2.36341e-06	1.73654	1.64073e-06
chr6	57808645	57808718	+	28795	28795	28795	tRNAscan	28795	tRNAscan	0.00	0.00	0.00	0.00	0.58	0.40	8.0759e-06	1.72373	5.60309e-06
chr6	57822973	57823046	+	28796	28796	28796	tRNAscan	28796	tRNAscan	0.00	0.00	0.00	0.00	0.58	0.40	3.03918e-05	1.74385	3.48413e-06
chr6	57870345	57870417	-	28797	28797	28797	tRNAscan	28797	tRNAscan	0.00	0.00	0.00	0.00	0.59	0.41	2.05016e-05	1.7925	1.42335e-05
chr6	57861166	57861238	-	28798	28798	28798	tRNAscan	28798	tRNAscan	0.00	0.00	0.00	0.00	0.59	0.41	3.45888e-05	1.75758	2.40091e-05
chr6	57856401	57856473	-	28799	28799	28799	tRNAscan	28799	tRNAscan	0.12	0.08	0.18	0.39	0.70	0.49	3.4206e-07	2.09326	2.37412e-07
chr6	57842214	57842286	-	28800	28800	28800	tRNAscan	28800	tRNAscan	0.00	0.00	0.00	0.00	0.59	0.41	1.75813e-05	1.78914	1.2203e-05
chr6	57838350	57838422	-	28801	28801	28801	tRNAscan	28801	tRNAscan	0.00	0.00	0.00	0.00	0.59	0.41	7.77096e-06	1.80394	5.392e-06
chr6	57815974	57816046	-	28802	28802	28802	tRNAscan	28802	tRNAscan	0.00	0.00	0.00	0.00	0.59	0.41	1.09594e-05	1.79472	7.60595e-06
chr6	57813490	57813562	-	28803	28803	28803	tRNAscan	28803	tRNAscan	0.00	0.00	0.00	0.00	0.59	0.41	2.20568e-05	1.78439	8.17477e-06
chr6	57793545	57793617	-	28804	28804	28804	tRNAscan	28804	tRNAscan	0.00	0.00	0.00	0.00	0.59	0.41	1.18633e-06	1.78315	8.2354e-07
chr6	57792833	57792905	-	28805	28805	28805	tRNAscan	28805	tRNAscan	0.00	0.00	0.00	0.00	0.59	0.41	9.19079e-06	1.78869	6.37725e-06
chr12	129231653	129231727	+	28809	28809	28809	tRNAscan	28809	tRNAscan	0.00	0.00	0.00	0.00	0.56	0.39	1.74697e-05	1.68213	1.21254e-05
chr19	41242237	41242309	-	28837	28837	28837	tRNAscan	28837	tRNAscan	1.81	1.24	3.00	0.00	2.37	1.65	0.422203	4.72083	0.293031
chr2	30054702	30054774	+	28858	28858	28858	tRNAscan	28858	tRNAscan	0.00	0.00	0.00	0.00	0.59	0.41	3.82496e-06	1.77694	2.27991e-05
chr11	45268649	45268722	-	28937	28937	28937	tRNAscan	28937	tRNAscan	0.00	0.00	0.00	0.00	0.58	0.40	3.62845e-05	1.72517	7.41079e-06
chr13	44917927	44917998	-	28963	28963	28963	tRNAscan	28963	tRNAscan	0.31	0.21	0.49	0.50	0.91	0.63	1.14622e-05	2.52673	7.95307e-06
chr17	22528853	22528921	-	29107	29107	29107	tRNAscan	29107	tRNAscan	0.00	0.00	0.00	0.00	0.66	0.46	2.22847e-05	1.99796	1.54582e-05
chr1	120945289	120945362	+	29210	29210	29210	tRNAscan	29210	tRNAscan	0.00	0.00	0.00	0.00	0.58	0.40	1.4404e-05	1.7241	9.99799e-06
chr1	120952291	120952364	-	29211	29211	29211	tRNAscan	29211	tRNAscan	0.00	0.00	0.00	0.00	0.58	0.40	7.03758e-07	1.73234	4.88318e-07
chr1	120844262	120844335	-	29212	29212	29212	tRNAscan	29212	tRNAscan	0.00	0.00	0.00	0.00	0.58	0.40	2.01796e-05	1.73123	1.4014e-05
chr1	120476852	120476923	-	29213	29213	29213	tRNAscan	29213	tRNAscan	0.00	0.00	0.00	0.00	0.61	0.42	1.34832e-05	1.83736	9.35727e-06
chr6	162788982	162789050	-	29236	29236	29236	tRNAscan	29236	tRNAscan	0.00	0.00	0.00	0.00	0.66	0.46	6.08395e-06	1.95554	4.22296e-06
chr10	22563650	22563722	+	29238	29238	29238	tRNAscan	29238	tRNAscan	0.00	0.00	0.00	0.00	0.59	0.41	3.4013e-05	1.77301	2.35913e-05
chr10	22229509	22229582	-	29239	29239	29239	tRNAscan	29239	tRNAscan	0.00	0.00	0.00	0.00	0.58	0.40	2.92672e-05	1.73388	2.03172e-05
chr17	31550074	31550145	+	29255	29255	29255	tRNAscan	29255	tRNAscan	0.00	0.00	0.00	0.00	0.61	0.42	2.73144e-05	1.80432	9.33166e-07
chr17	40117300	40117373	-	29256	29256	29256	tRNAscan	29256	tRNAscan	0.00	0.00	0.00	0.00	0.58	0.40	4.555e-06	1.74736	3.16046e-06
chr14	78234495	78234567	-	29262	29262	29262	tRNAscan	29262	tRNAscan	0.00	0.00	0.00	0.00	0.59	0.41	3.3356e-06	1.79406	2.31549e-06
chr12	122376377	122376447	+	29476	29476	29476	tRNAscan	29476	tRNAscan	0.00	0.00	0.00	0.00	0.63	0.43	1.66945e-05	1.88532	1.15884e-05
chr13	57884416	57884487	-	2949	2949	2949	tRNAscan	2949	tRNAscan	0.00	0.00	0.00	0.00	0.61	0.42	2.92167e-05	1.79823	2.02678e-05
chr2	42810536	42810628	+	29501	29501	29501	tRNAscan	29501	tRNAscan	0.00	0.00	0.00	0.00	0.39	0.27	1.90244e-05	1.15934	1.32079e-05
chr18	57678622	57678693	+	29933	29933	29933	tRNAscan	29933	tRNAscan	0.00	0.00	0.00	0.00	0.61	0.42	5.43558e-06	1.82271	3.77063e-06
chr18	57678945	57679016	+	29934	29934	29934	tRNAscan	29934	tRNAscan	0.00	0.00	0.00	0.00	0.61	0.42	3.29609e-05	1.79704	2.28764e-05
chr11	63894295	63894363	+	29952	29952	29952	tRNAscan	29952	tRNAscan	0.00	0.00	0.00	0.00	0.66	0.46	9.40619e-06	1.96701	6.52942e-06
chr1	54957869	54957941	-	30030	30030	30030	tRNAscan	30030	tRNAscan	0.00	0.00	0.00	0.00	0.59	0.41	8.67307e-06	1.76953	6.02048e-06
chr1	248873855	248873960	+	30031	30031	30031	tRNAscan	30031	tRNAscan	0.00	0.00	0.00	0.00	0.32	0.22	2.73812e-06	0.941249	1.89958e-06
chr1	248874248	248874319	+	30032	30032	30032	tRNAscan	30032	tRNAscan	0.08	0.05	0.13	0.34	0.69	0.48	4.15405e-05	2.03943	2.88337e-05
chr12	113948740	113948812	-	30116	30116	30116	tRNAscan	30116	tRNAscan	0.00	0.00	0.00	0.00	0.59	0.41	3.70143e-05	1.77087	2.56861e-05
chr2	156400769	156400840	+	30128	30128	30128	tRNAscan	30128	tRNAscan	0.00	0.00	0.00	0.00	0.61	0.42	1.55287e-05	1.824	1.07768e-05
chr2	156401147	156401217	-	30129	30129	30129	tRNAscan	30129	tRNAscan	0.00	0.00	0.33	0.60	0.84	0.58	1.57481e-05	2.44534	1.09325e-05
chr3	148598776	148598847	-	30130	30130	30130	tRNAscan	30130	tRNAscan	0.00	0.00	0.00	0.00	0.61	0.42	1.1881e-05	1.81895	8.24697e-06
chr3	148503441	148503522	-	30131	30131	30131	tRNAscan	30131	tRNAscan	0.00	0.00	0.00	0.00	0.48	0.33	7.62154e-06	1.42681	5.29201e-06
chr1	153671250	153671321	+	30343	30343	30343	tRNAscan	30343	tRNAscan	0.15	0.11	0.25	0.50	0.76	0.53	5.44863e-05	2.26799	3.78241e-05
chr1	150045406	150045476	-	30376	30376	30376	tRNAscan	30376	tRNAscan	0.00	0.00	0.00	0.00	0.63	0.43	1.3388e-05	1.86922	9.28633e-06
chr17	19508181	19508252	+	30465	30465	30465	tRNAscan	30465	tRNAscan	0.00	0.00	0.00	0.00	0.61	0.42	4.90757e-05	1.84711	3.40572e-05
chr17	19603274	19603345	-	30466	30466	30466	tRNAscan	30466	tRNAscan	0.00	0.00	0.00	0.00	0.61	0.42	8.5089e-06	1.83129	5.9079e-06
chr6	78958293	78958365	-	30737	30737	30737	tRNAscan	30737	tRNAscan	0.00	0.00	0.30	0.46	0.77	0.53	7.1134e-06	2.20658	4.9371e-06
chr14	20610132	20610213	+	30787	30787	30787	tRNAscan	30787	tRNAscan	0.06	0.04	0.12	0.33	0.54	0.37	2.17229e-06	1.60502	1.50804e-06
chr14	20625370	20625451	+	30788	30788	30788	tRNAscan	30788	tRNAscan	0.00	0.00	0.00	0.00	0.48	0.33	2.94235e-05	1.43905	2.04314e-05
chr14	20633006	20633077	+	30789	30789	30789	tRNAscan	30789	tRNAscan	0.00	0.00	0.00	0.00	0.61	0.42	6.70911e-07	1.83007	4.65595e-07
chr14	20681690	20681762	+	30790	30790	30790	tRNAscan	30790	tRNAscan	0.00	0.00	0.00	0.00	0.59	0.41	2.23649e-05	1.76939	1.5523e-05
chr14	20683273	20683361	+	30791	30791	30791	tRNAscan	30791	tRNAscan	0.00	0.00	0.00	0.00	0.42	0.29	5.78651e-06	1.24621	4.0165e-06
chr14	20684016	20684087	+	30792	30792	30792	tRNAscan	30792	tRNAscan	0.00	0.00	0.00	0.00	0.61	0.42	2.4481e-06	1.81393	1.69952e-06
chr14	20677019	20677100	-	30793	30793	30793	tRNAscan	30793	tRNAscan	0.00	0.00	0.00	0.00	0.48	0.33	3.69328e-06	1.44822	2.56131e-06
chr14	20663192	20663285	-	30794	30794	30794	tRNAscan	30794	tRNAscan	0.00	0.00	0.00	0.00	0.38	0.27	1.88476e-06	1.14676	1.30785e-06
chr14	20659958	20660051	-	30795	30795	30795	tRNAscan	30795	tRNAscan	0.00	0.00	0.00	0.00	0.38	0.27	9.18648e-07	1.14908	6.3751e-07
chr14	20657464	20657557	-	30796	30796	30796	tRNAscan	30796	tRNAscan	0.00	0.00	0.00	0.00	0.38	0.27	1.96204e-06	1.12952	1.36239e-06
chr14	20653099	20653192	-	30797	30797	30797	tRNAscan	30797	tRNAscan	0.00	0.00	0.00	0.00	0.38	0.27	5.6835e-06	1.15145	3.94487e-06
chr14	20631160	20631232	-	30798	30798	30798	tRNAscan	30798	tRNAscan	0.00	0.00	0.00	0.00	0.59	0.41	1.13385e-05	1.76548	7.87156e-06
chr14	20613790	20613862	-	30799	30799	30799	tRNAscan	30799	tRNAscan	0.00	0.00	0.00	0.00	0.59	0.41	1.19888e-05	1.78352	8.32248e-06
chr14	20613401	20613472	-	30800	30800	30800	tRNAscan	30800	tRNAscan	0.00	0.00	0.00	0.00	0.61	0.42	1.65063e-05	1.84202	1.14529e-05
chr14	20609336	20609407	-	30801	30801	30801	tRNAscan	30801	tRNAscan	0.00	0.00	0.00	0.00	0.61	0.42	1.39946e-05	1.80517	9.71265e-06
chr4	7324111	7324182	-	30929	30929	30929	tRNAscan	30929	tRNAscan	0.00	0.00	0.00	0.00	0.61	0.42	1.15036e-05	1.82748	7.98186e-06
chr6	28213037	28213118	+	30946	30946	30946	tRNAscan	30946	tRNAscan	0.00	0.00	0.00	0.00	0.48	0.33	6.43277e-06	1.42698	4.4608e-06
chr6	28537590	28537683	+	30947	30947	30947	tRNAscan	30947	tRNAscan	0.00	0.00	0.00	0.00	0.38	0.27	7.20665e-06	1.14943	5.00031e-06
chr6	28589379	28589450	+	30948	30948	30948	tRNAscan	30948	tRNAscan	0.00	0.00	0.00	0.00	0.61	0.42	1.17714e-05	1.82068	8.17126e-06
chr6	28607156	28607227	+	30949	30949	30949	tRNAscan	30949	tRNAscan	0.00	0.00	0.00	0.00	0.61	0.42	9.66767e-06	1.80943	6.7099e-06
chr6	28643445	28643516	+	30950	30950	30950	tRNAscan	30950	tRNAscan	0.00	0.00	0.00	0.00	0.61	0.42	8.0583e-06	1.81609	5.59049e-06
chr6	28710589	28710660	+	30951	30951	30951	tRNAscan	30951	tRNAscan	0.00	0.00	0.00	0.00	0.61	0.42	3.615e-06	1.81533	2.50983e-06
chr6	28719704	28719775	+	30952	30952	30952	tRNAscan	30952	tRNAscan	0.00	0.00	0.00	0.00	0.61	0.42	1.2759e-05	1.81694	8.85527e-06
chr6	28726018	28726091	+	30953	30953	30953	tRNAscan	30953	tRNAscan	0.00	0.00	0.00	0.00	0.58	0.40	1.1002e-05	1.75168	7.63677e-06
chr6	28729315	28729386	+	30954	30954	30954	tRNAscan	30954	tRNAscan	0.00	0.00	0.00	0.00	0.61	0.42	1.49066e-07	1.81052	1.03486e-07
chr6	28747744	28747816	+	30955	30955	30955	tRNAscan	30955	tRNAscan	0.00	0.00	0.00	0.00	0.59	0.41	4.21182e-06	1.75307	2.92343e-06
chr6	28764387	28764459	+	30956	30956	30956	tRNAscan	30956	tRNAscan	0.07	0.05	0.12	0.32	0.66	0.46	2.30082e-06	1.97789	1.59658e-06
chr6	28881388	28881460	+	30957	30957	30957	tRNAscan	30957	tRNAscan	0.20	0.14	0.32	0.47	0.78	0.54	1.7537e-05	2.25926	1.21692e-05
chr6	28941053	28941157	+	30958	30958	30958	tRNAscan	30958	tRNAscan	0.00	0.00	0.00	0.00	0.32	0.22	5.94465e-06	0.963951	9.70977e-06
chr6	28944575	28944647	+	30959	30959	30959	tRNAscan	30959	tRNAscan	0.00	0.00	0.00	0.00	0.59	0.41	2.00604e-05	1.79269	1.39238e-05
chr6	28951029	28951101	+	30960	30960	30960	tRNAscan	30960	tRNAscan	0.17	0.12	0.28	0.53	0.76	0.53	4.4769e-06	2.23621	3.10622e-06
chr6	28953265	28953337	-	30961	30961	30961	tRNAscan	30961	tRNAscan	0.00	0.00	0.00	0.00	0.59	0.41	2.73138e-06	1.77979	1.89507e-06
chr6	28943622	28943703	-	30962	30962	30962	tRNAscan	30962	tRNAscan	0.06	0.04	0.13	0.33	0.54	0.37	9.77528e-06	1.6025	6.7864e-06
chr6	28941601	28941672	-	30963	30963	30963	tRNAscan	30963	tRNAscan	0.10	0.07	0.18	0.39	0.72	0.50	2.90772e-05	2.12441	2.01834e-05
chr6	28896223	28896328	-	30964	30964	30964	tRNAscan	30964	tRNAscan	0.00	0.00	0.00	0.00	0.32	0.22	3.89398e-06	0.949553	2.69985e-06
chr6	28863685	28863756	-	30965	30965	30965	tRNAscan	30965	tRNAscan	0.00	0.00	0.00	0.00	0.61	0.42	2.21378e-07	1.84071	1.53585e-07
chr6	28838444	28838515	-	30966	30966	30966	tRNAscan	30966	tRNAscan	0.00	0.00	0.00	0.00	0.61	0.42	1.26926e-05	1.81029	8.80594e-06
chr6	28823316	28823389	-	30967	30967	30967	tRNAscan	30967	tRNAscan	0.00	0.00	0.00	0.00	0.58	0.40	1.22428e-05	1.73093	8.49709e-06
chr6	28817235	28817306	-	30968	30968	30968	tRNAscan	30968	tRNAscan	0.00	0.00	0.00	0.00	0.61	0.42	2.19811e-06	1.82651	1.52518e-06
chr6	28812072	28812143	-	30969	30969	30969	tRNAscan	30969	tRNAscan	0.00	0.00	0.00	0.00	0.61	0.42	5.28988e-06	1.80345	3.67119e-06
chr6	28807833	28807905	-	30970	30970	30970	tRNAscan	30970	tRNAscan	0.07	0.05	0.11	0.31	0.66	0.46	2.11128e-05	1.96423	7.58168e-06
chr6	28802800	28802870	-	30971	30971	30971	tRNAscan	30971	tRNAscan	0.00	0.00	0.00	0.00	0.63	0.43	1.70541e-05	1.87522	1.45143e-05
chr6	28795964	28796035	-	30972	30972	30972	tRNAscan	30972	tRNAscan	0.00	0.00	0.00	0.00	0.61	0.42	8.19113e-06	1.81639	6.09492e-05
chr6	28790722	28790794	-	30973	30973	30973	tRNAscan	30973	tRNAscan	0.07	0.05	0.10	0.30	0.65	0.45	6.14095e-06	1.94469	4.26187e-06
chr6	28789770	28789841	-	30974	30974	30974	tRNAscan	30974	tRNAscan	0.00	0.00	0.00	0.00	0.61	0.42	6.08417e-05	1.82293	1.11596e-05
chr6	28778767	28778838	-	30975	30975	30975	tRNAscan	30975	tRNAscan	0.00	0.00	0.00	0.00	0.61	0.42	2.86439e-05	1.81851	1.98814e-05
chr6	28763597	28763670	-	30976	30976	30976	tRNAscan	30976	tRNAscan	0.00	0.00	0.00	0.00	0.58	0.40	1.83871e-05	1.70067	1.27551e-05
chr6	28758364	28758435	-	30977	30977	30977	tRNAscan	30977	tRNAscan	0.00	0.00	0.00	0.00	0.61	0.42	6.79523e-06	1.82455	4.71697e-06
chr6	28742952	28743024	-	30978	30978	30978	tRNAscan	30978	tRNAscan	0.20	0.14	0.35	0.48	0.80	0.56	0.000107372	2.29579	7.44983e-05
chr6	28735429	28735500	-	30979	30979	30979	tRNAscan	30979	tRNAscan	0.00	0.00	0.00	0.00	0.61	0.42	5.14369e-06	1.80933	3.56899e-06
chr6	28727078	28727150	-	30980	30980	30980	tRNAscan	30980	tRNAscan	0.00	0.00	0.00	0.00	0.59	0.41	3.29885e-06	1.77608	2.28958e-06
chr6	28695932	28696003	-	30981	30981	30981	tRNAscan	30981	tRNAscan	0.00	0.00	0.00	0.00	0.61	0.42	1.0863e-06	1.81627	7.53854e-07
chr6	28693210	28693283	-	30982	30982	30982	tRNAscan	30982	tRNAscan	0.00	0.00	0.00	0.00	0.58	0.40	7.45037e-06	1.758	5.17147e-06
chr6	28673836	28673907	-	30983	30983	30983	tRNAscan	30983	tRNAscan	0.00	0.00	0.00	0.00	0.61	0.42	5.28412e-06	1.82149	3.66747e-06
chr6	28658237	28658308	-	30984	30984	30984	tRNAscan	30984	tRNAscan	0.00	0.00	0.00	0.00	0.61	0.42	3.57777e-05	1.83327	6.90958e-05
chr6	28648207	28648280	-	30985	30985	30985	tRNAscan	30985	tRNAscan	0.00	0.00	0.00	0.00	0.58	0.40	5.06677e-07	1.7286	3.51807e-07
chr6	28634082	28634153	-	30986	30986	30986	tRNAscan	30986	tRNAscan	0.00	0.00	0.00	0.00	0.61	0.42	4.64234e-06	1.82221	3.22195e-06
chr6	28597340	28597421	-	30987	30987	30987	tRNAscan	30987	tRNAscan	0.00	0.00	0.00	0.00	0.48	0.33	2.39041e-08	1.43041	1.65855e-08
chr6	28543114	28543186	-	30988	30988	30988	tRNAscan	30988	tRNAscan	0.00	0.00	0.00	0.00	0.59	0.41	3.94266e-06	1.76662	2.73468e-06
chr6	28488993	28489066	-	30989	30989	30989	tRNAscan	30989	tRNAscan	0.59	0.40	1.00	0.00	1.16	0.80	0.0204105	2.75239	0.0209143
chr6	28478623	28478704	-	30990	30990	30990	tRNAscan	30990	tRNAscan	0.00	0.00	0.00	0.00	0.48	0.33	3.26304e-05	1.43858	5.23484e-06
chr6	28474552	28474625	-	30991	30991	30991	tRNAscan	30991	tRNAscan	0.00	0.00	0.00	0.00	0.58	0.40	6.71068e-06	1.72521	4.66032e-06
chr17	60786232	60786302	+	31351	31351	31351	tRNAscan	31351	tRNAscan	0.00	0.00	0.00	0.00	0.63	0.43	2.07925e-05	1.88146	1.44334e-05
chr5	78022952	78023024	-	31352	31352	31352	tRNAscan	31352	tRNAscan	0.00	0.00	0.00	0.00	0.59	0.41	1.39597e-05	1.77468	9.69323e-06
chr8	95269657	95269738	-	31403	31403	31403	tRNAscan	31403	tRNAscan	0.00	0.00	0.00	0.00	0.48	0.33	4.93322e-06	1.44276	3.42548e-06
chr12	124939966	124940037	+	31482	31482	31482	tRNAscan	31482	tRNAscan	0.62	0.42	1.00	0.00	1.22	0.85	0.025058	2.89251	0.0220964
chr12	124939647	124939718	-	31483	31483	31483	tRNAscan	31483	tRNAscan	0.11	0.08	0.17	0.40	0.71	0.49	2.24569e-05	2.1238	1.55894e-05
chr12	124927843	124927915	-	31484	31484	31484	tRNAscan	31484	tRNAscan	0.07	0.05	0.12	0.32	0.66	0.46	2.33176e-05	1.96383	1.61865e-05
chr12	124927345	124927416	-	31485	31485	31485	tRNAscan	31485	tRNAscan	0.11	0.08	0.16	0.39	0.71	0.49	5.4606e-05	2.108	1.2256e-07
chr12	124921755	124921826	-	31486	31486	31486	tRNAscan	31486	tRNAscan	0.00	0.00	0.00	0.00	0.61	0.42	1.58217e-06	1.81323	1.09794e-06
chr15	91711072	91711144	-	31487	31487	31487	tRNAscan	31487	tRNAscan	0.00	0.00	0.00	0.00	0.59	0.41	2.29978e-06	1.77186	1.59597e-06
chr16	3150674	3150746	+	31855	31855	31855	tRNAscan	31855	tRNAscan	0.20	0.14	0.32	0.47	0.78	0.54	4.57485e-07	2.23583	3.17685e-07
chr16	3152900	3152972	+	31856	31856	31856	tRNAscan	31856	tRNAscan	0.30	0.21	0.50	0.50	0.89	0.62	7.68254e-05	2.44106	5.3313e-05
chr16	3158922	3158993	+	31857	31857	31857	tRNAscan	31857	tRNAscan	0.00	0.00	0.00	0.00	0.61	0.42	9.60922e-06	1.8242	6.67147e-06
chr16	3160385	3160479	+	31858	31858	31858	tRNAscan	31858	tRNAscan	0.00	0.00	0.00	0.00	0.38	0.26	1.24037e-07	1.12454	8.60879e-08
chr16	3164938	3165010	+	31859	31859	31859	tRNAscan	31859	tRNAscan	0.00	0.00	0.00	0.00	0.59	0.41	1.828e-05	1.77868	1.91854e-05
chr16	3172048	3172119	+	31860	31860	31860	tRNAscan	31860	tRNAscan	0.00	0.00	0.00	0.00	0.61	0.42	5.61649e-06	1.82198	3.90033e-06
chr16	3175691	3175763	+	31861	31861	31861	tRNAscan	31861	tRNAscan	0.00	0.00	0.00	0.00	0.59	0.41	8.93363e-06	1.77263	6.19905e-06
chr16	3188094	3188165	+	31862	31862	31862	tRNAscan	31862	tRNAscan	0.00	0.00	0.00	0.00	0.61	0.42	2.72069e-07	1.81562	1.88906e-07
chr16	3189634	3189705	+	31863	31863	31863	tRNAscan	31863	tRNAscan	0.00	0.00	0.00	0.00	0.61	0.42	2.66675e-05	1.82674	1.75521e-06
chr16	3191501	3191573	+	31864	31864	31864	tRNAscan	31864	tRNAscan	0.00	0.00	0.00	0.00	0.59	0.41	6.01633e-05	1.77949	4.1765e-05
chr16	3191989	3192060	+	31865	31865	31865	tRNAscan	31865	tRNAscan	0.00	0.00	0.00	0.00	0.61	0.42	4.38456e-05	1.82682	1.20819e-05
chr16	3193918	3193990	+	31866	31866	31866	tRNAscan	31866	tRNAscan	0.00	0.00	0.00	0.00	0.59	0.41	7.72965e-07	1.7822	5.3618e-07
chr16	3196153	3196225	+	31867	31867	31867	tRNAscan	31867	tRNAscan	0.00	0.00	0.00	0.00	0.59	0.41	1.62604e-05	1.76317	1.12897e-05
chr16	3369813	3369884	+	31868	31868	31868	tRNAscan	31868	tRNAscan	0.00	0.00	0.00	0.00	0.61	0.42	1.494e-05	1.83758	6.53408e-06
chr16	3184133	3184204	-	31869	31869	31869	tRNAscan	31869	tRNAscan	0.00	0.00	0.00	0.00	0.61	0.42	1.097e-06	1.80455	7.61744e-07
chr16	3182635	3182706	-	31870	31870	31870	tRNAscan	31870	tRNAscan	0.00	0.00	0.00	0.00	0.61	0.42	3.29662e-05	1.8219	2.28736e-05
chr16	3180554	3180626	-	31871	31871	31871	tRNAscan	31871	tRNAscan	0.00	0.00	0.00	0.00	0.59	0.41	4.90488e-06	1.78146	3.40312e-06
chr16	3170960	3171030	-	31872	31872	31872	tRNAscan	31872	tRNAscan	0.00	0.00	0.00	0.00	0.63	0.43	3.01046e-06	1.88688	2.08908e-06
chr16	3157405	3157477	-	31873	31873	31873	tRNAscan	31873	tRNAscan	0.00	0.00	0.00	0.00	0.59	0.41	3.14036e-05	1.76524	2.18127e-05
chr16	3152608	3152679	-	31874	31874	31874	tRNAscan	31874	tRNAscan	0.00	0.00	0.00	0.00	0.61	0.42	3.33746e-06	1.8224	2.31644e-06
chr13	30673964	30674037	-	31895	31895	31895	tRNAscan	31895	tRNAscan	0.00	0.00	0.00	0.00	0.58	0.40	4.20279e-06	1.70962	2.91781e-06
chr5	159965034	159965111	-	32239	32239	32239	tRNAscan	32239	tRNAscan	0.00	0.00	0.00	0.00	0.52	0.36	1.89258e-05	1.5726	1.31415e-05
chr9	112854709	112854807	+	32528	32528	32528	tRNAscan	32528	tRNAscan	0.00	0.00	0.00	0.00	0.35	0.24	8.74073e-06	1.06226	6.06638e-06
chr16	71690987	71691060	+	32571	32571	32571	tRNAscan	32571	tRNAscan	0.00	0.00	0.00	0.00	0.58	0.40	2.187e-06	1.73281	1.51826e-06
chr1	149044937	149045008	+	32718	32718	32718	tRNAscan	32718	tRNAscan	0.00	0.00	0.00	0.00	0.61	0.42	2.51642e-05	1.83302	2.15246e-07
chr1	149639453	149639526	+	32719	32719	32719	tRNAscan	32719	tRNAscan	0.00	0.00	0.00	0.00	0.58	0.40	1.12427e-06	1.73703	7.8018e-07
chr1	149748252	149748320	+	32720	32720	32720	tRNAscan	32720	tRNAscan	0.00	0.00	0.00	0.00	0.66	0.46	3.93715e-05	1.98914	2.73186e-05
chr1	149756721	149756791	-	32721	32721	32721	tRNAscan	32721	tRNAscan	0.00	0.00	0.00	0.00	0.63	0.43	7.37837e-06	1.87032	5.12394e-06
chr1	149740248	149740321	-	32722	32722	32722	tRNAscan	32722	tRNAscan	0.00	0.00	0.00	0.00	0.58	0.40	2.76252e-05	1.74075	1.91808e-05
chr1	149712552	149712624	-	32723	32723	32723	tRNAscan	32723	tRNAscan	0.00	0.00	0.00	0.00	0.59	0.41	2.03494e-05	1.77506	1.41214e-05
chr1	149708660	149708730	-	32724	32724	32724	tRNAscan	32724	tRNAscan	0.00	0.00	0.00	0.00	0.63	0.43	2.26652e-06	1.85526	1.57331e-06
chr1	149701333	149701404	-	32725	32725	32725	tRNAscan	32725	tRNAscan	0.00	0.00	0.00	0.00	0.61	0.42	7.42276e-06	1.80564	5.15005e-06
chr1	149698478	149698551	-	32726	32726	32726	tRNAscan	32726	tRNAscan	0.00	0.00	0.00	0.00	0.58	0.40	2.74725e-06	1.73173	1.90617e-06
chr1	149692805	149692877	-	32727	32727	32727	tRNAscan	32727	tRNAscan	0.00	0.00	0.00	0.00	0.59	0.41	1.85184e-05	1.77162	1.28523e-05
chr1	149646451	149646524	-	32728	32728	32728	tRNAscan	32728	tRNAscan	0.00	0.00	0.00	0.00	0.58	0.40	5.16664e-06	1.72244	3.64724e-05
chr1	149558419	149558493	-	32729	32729	32729	tRNAscan	32729	tRNAscan	0.00	0.00	0.00	0.00	0.56	0.39	3.62457e-05	1.66818	2.51556e-05
chr20	17874498	17874575	+	33209	33209	33209	tRNAscan	33209	tRNAscan	0.00	0.00	0.00	0.00	0.52	0.36	1.17393e-05	1.56438	3.76683e-06
chr14	31767610	31767680	-	33309	33309	33309	tRNAscan	33309	tRNAscan	0.64	0.44	1.00	0.00	1.25	0.87	0.0277828	2.9565	0.0196771
chr1	7930279	7930348	-	33323	33323	33323	tRNAscan	33323	tRNAscan	0.00	0.00	0.00	0.00	0.64	0.45	1.36575e-05	1.93465	9.47533e-06
chr15	76382424	76382497	-	33359	33359	33359	tRNAscan	33359	tRNAscan	0.59	0.40	1.00	0.00	1.16	0.80	0.016639	2.76634	0.0115558
chr13	94549650	94549722	-	33463	33463	33463	tRNAscan	33463	tRNAscan	0.07	0.05	0.11	0.31	0.66	0.46	1.95847e-05	1.93371	1.33452e-06
chr20	57358372	57358446	-	33638	33638	33638	tRNAscan	33638	tRNAscan	0.57	0.39	1.00	0.00	1.13	0.78	0.0220636	2.67828	0.0154623
chr19	9039680	9039752	-	33974	33974	33974	tRNAscan	33974	tRNAscan	0.00	0.00	0.00	0.00	0.59	0.41	2.93328e-05	1.78188	2.03583e-05
chr5	181097070	181097142	+	34158	34158	34158	tRNAscan	34158	tRNAscan	0.00	0.00	0.00	0.00	0.59	0.41	3.42119e-05	1.76863	2.37584e-05
chr5	181101840	181101921	+	34159	34159	34159	tRNAscan	34159	tRNAscan	0.06	0.04	0.13	0.33	0.54	0.38	3.49232e-06	1.60592	2.42365e-06
chr5	181164154	181164226	+	34160	34160	34160	tRNAscan	34160	tRNAscan	0.00	0.00	0.00	0.00	0.59	0.41	1.16406e-05	1.7836	8.07823e-06
chr5	181169610	181169682	+	34161	34161	34161	tRNAscan	34161	tRNAscan	0.00	0.00	0.00	0.00	0.59	0.41	2.59195e-06	1.76832	1.79844e-06
chr5	181173650	181173722	+	34162	34162	34162	tRNAscan	34162	tRNAscan	0.00	0.00	0.00	0.00	0.59	0.41	3.50495e-05	1.77676	2.43293e-05
chr5	181187701	181187782	+	34163	34163	34163	tRNAscan	34163	tRNAscan	0.06	0.04	0.12	0.33	0.54	0.37	9.98265e-07	1.61677	6.9251e-07
chr5	181206868	181206939	+	34164	34164	34164	tRNAscan	34164	tRNAscan	0.00	0.00	0.00	0.00	0.61	0.42	1.11757e-05	1.82021	7.75986e-06
chr5	181207755	181207827	+	34165	34165	34165	tRNAscan	34165	tRNAscan	0.00	0.00	0.00	0.00	0.59	0.41	1.38399e-05	1.7578	9.6062e-06
chr5	181222395	181222467	-	34166	34166	34166	tRNAscan	34166	tRNAscan	0.00	0.00	0.00	0.00	0.59	0.41	4.64715e-06	1.77828	3.22544e-06
chr5	181221979	181222051	-	34167	34167	34167	tRNAscan	34167	tRNAscan	0.00	0.00	0.00	0.00	0.59	0.41	9.93855e-06	1.76549	6.89744e-06
chr5	181218270	181218342	-	34168	34168	34168	tRNAscan	34168	tRNAscan	0.00	0.00	0.00	0.00	0.59	0.41	1.92461e-05	1.75184	1.61377e-06
chr5	181191687	181191758	-	34169	34169	34169	tRNAscan	34169	tRNAscan	0.00	0.00	0.00	0.00	0.61	0.42	1.45797e-05	1.80564	1.01183e-05
chr5	181188854	181188925	-	34170	34170	34170	tRNAscan	34170	tRNAscan	0.00	0.00	0.00	0.00	0.61	0.42	1.02821e-05	1.83683	7.13869e-06
chr5	181188416	181188488	-	34171	34171	34171	tRNAscan	34171	tRNAscan	0.00	0.00	0.00	0.00	0.59	0.41	9.91748e-06	1.77489	6.88476e-06
chr5	181174044	181174125	-	34172	34172	34172	tRNAscan	34172	tRNAscan	0.06	0.04	0.12	0.32	0.54	0.37	3.7385e-06	1.59593	2.59445e-06
chr5	181164564	181164645	-	34173	34173	34173	tRNAscan	34173	tRNAscan	0.00	0.00	0.00	0.00	0.48	0.33	1.19791e-06	1.41804	7.33173e-06
chr5	181102253	181102325	-	34174	34174	34174	tRNAscan	34174	tRNAscan	0.00	0.00	0.00	0.00	0.59	0.41	8.22372e-06	1.78004	5.70734e-06
chr5	181097474	181097555	-	34175	34175	34175	tRNAscan	34175	tRNAscan	0.06	0.04	0.11	0.31	0.53	0.37	6.75696e-06	1.56449	4.68999e-06
chr8	69160105	69160179	+	34905	34905	34905	tRNAscan	34905	tRNAscan	0.00	0.00	0.00	0.00	0.56	0.39	1.42057e-05	1.67562	9.86097e-06
chr16	70788694	70788764	+	35057	35057	35057	tRNAscan	35057	tRNAscan	0.00	0.00	0.00	0.00	0.63	0.43	1.55062e-05	1.86844	1.07622e-05
chr16	70789507	70789577	+	35058	35058	35058	tRNAscan	35058	tRNAscan	0.00	0.00	0.33	0.61	0.84	0.58	8.036e-06	2.46877	5.57575e-06
chr16	71426493	71426565	+	35059	35059	35059	tRNAscan	35059	tRNAscan	0.00	0.00	0.00	0.00	0.59	0.41	1.06453e-06	1.79548	7.38745e-07
chr16	70779039	70779109	-	35060	35060	35060	tRNAscan	35060	tRNAscan	0.00	0.00	0.31	0.59	0.82	0.57	3.84793e-06	2.43175	2.66951e-06
chr16	70778211	70778281	-	35061	35061	35061	tRNAscan	35061	tRNAscan	0.00	0.00	0.07	0.26	0.67	0.47	2.90315e-05	1.99304	2.01485e-05
chr11	50274708	50274779	-	35065	35065	35065	tRNAscan	35065	tRNAscan	0.00	0.00	0.00	0.00	0.61	0.42	5.29865e-06	1.80727	3.67632e-06
chr19	49534676	49534748	-	35320	35320	35320	tRNAscan	35320	tRNAscan	0.00	0.00	0.00	0.00	0.59	0.41	1.15698e-05	1.77458	8.02783e-06
chr19	1383563	1383636	+	35691	35691	35691	tRNAscan	35691	tRNAscan	0.00	0.00	0.00	0.00	0.58	0.40	4.70966e-05	1.72445	3.26767e-05
chr19	1383362	1383434	-	35692	35692	35692	tRNAscan	35692	tRNAscan	0.07	0.05	0.12	0.32	0.66	0.46	5.16966e-06	1.96648	3.58806e-06
chr16	22297140	22297221	+	35831	35831	35831	tRNAscan	35831	tRNAscan	0.06	0.04	0.13	0.34	0.54	0.38	2.85341e-06	1.60788	1.97995e-06
chr16	22195711	22195792	-	35832	35832	35832	tRNAscan	35832	tRNAscan	0.00	0.00	0.00	0.00	0.48	0.33	5.08471e-06	1.44125	3.52927e-06
chr7	139340700	139340772	+	35839	35839	35839	tRNAscan	35839	tRNAscan	0.30	0.21	0.50	0.50	0.89	0.62	5.55492e-05	2.44281	7.06438e-06
chr7	149310190	149310261	+	35943	35943	35943	tRNAscan	35943	tRNAscan	0.09	0.06	0.13	0.34	0.69	0.48	8.56404e-06	2.04911	5.9416e-06
chr7	149331129	149331200	+	35944	35944	35944	tRNAscan	35944	tRNAscan	0.00	0.00	0.00	0.00	0.61	0.42	1.61941e-05	1.83299	1.12397e-05
chr7	149377510	149377581	-	35945	35945	35945	tRNAscan	35945	tRNAscan	0.00	0.00	0.00	0.00	0.61	0.42	3.82955e-05	1.82092	1.4145e-05
chr7	149375759	149375830	-	35946	35946	35946	tRNAscan	35946	tRNAscan	0.00	0.00	0.00	0.00	0.61	0.42	1.56472e-05	1.83604	1.08599e-05
chr7	149356654	149356729	-	35947	35947	35947	tRNAscan	35947	tRNAscan	0.00	0.00	0.00	0.00	0.55	0.38	1.55956e-05	1.64393	1.08181e-05
chr7	149355675	149355746	-	35948	35948	35948	tRNAscan	35948	tRNAscan	0.00	0.00	0.00	0.00	0.61	0.42	1.78588e-05	1.80158	1.23943e-05
chrY	8372099	8372173	-	35969	35969	35969	tRNAscan	35969	tRNAscan	0.00	0.00	0.00	0.00	0.56	0.39	1.80343e-06	1.67853	1.25163e-06
chr12	98503503	98503574	+	35974	35974	35974	tRNAscan	35974	tRNAscan	0.62	0.42	0.99	0.11	1.21	0.84	0.0214878	2.90431	0.0150969
chr12	98504252	98504323	+	35975	35975	35975	tRNAscan	35975	tRNAscan	0.00	0.00	0.00	0.05	0.61	0.42	1.19339e-05	1.8077	8.28321e-06
chr2	130337128	130337199	-	36013	36013	36013	tRNAscan	36013	tRNAscan	0.00	0.00	0.00	0.00	0.61	0.42	1.95361e-05	1.83408	1.3561e-05
chr2	130275451	130275520	-	36014	36014	36014	tRNAscan	36014	tRNAscan	0.00	0.00	0.00	0.00	0.64	0.45	9.75058e-06	1.92203	6.76668e-06
chr2	130272338	130272409	-	36015	36015	36015	tRNAscan	36015	tRNAscan	0.00	0.00	0.00	0.00	0.61	0.42	4.21062e-06	1.82187	2.92113e-06
chr1	237942562	237942633	+	36058	36058	36058	tRNAscan	36058	tRNAscan	0.00	0.00	0.00	0.00	0.61	0.42	3.67465e-06	1.82561	2.55121e-06
chr1	237943656	237943730	-	36059	36059	36059	tRNAscan	36059	tRNAscan	0.00	0.00	0.00	0.00	0.56	0.39	1.36926e-05	1.6853	9.50008e-06
chr1	161420871	161420943	+	36068	36068	36068	tRNAscan	36068	tRNAscan	0.00	0.00	0.00	0.00	0.59	0.41	3.86674e-06	1.77234	2.68344e-06
chr1	161441533	161441615	+	36069	36069	36069	tRNAscan	36069	tRNAscan	0.00	0.00	0.00	0.00	0.47	0.33	3.33316e-08	1.39982	2.3146e-08
chr1	161443304	161443374	+	36070	36070	36070	tRNAscan	36070	tRNAscan	0.64	0.44	0.58	0.83	0.99	0.68	4.22406e-06	2.8749	2.9314e-06
chr1	161448951	161449033	+	36071	36071	36071	tRNAscan	36071	tRNAscan	0.00	0.00	0.00	0.00	0.47	0.33	1.64287e-06	1.40402	1.14035e-06
chr1	161450677	161450747	+	36072	36072	36072	tRNAscan	36072	tRNAscan	0.64	0.44	0.65	0.89	1.03	0.72	0.000107261	2.97848	2.62178e-05
chr1	161456332	161456414	+	36073	36073	36073	tRNAscan	36073	tRNAscan	0.00	0.00	0.00	0.00	0.47	0.33	2.79304e-07	1.38348	1.93847e-07
chr1	161458108	161458178	+	36074	36074	36074	tRNAscan	36074	tRNAscan	0.64	0.44	0.63	0.89	1.02	0.71	1.45187e-05	2.95044	1.00763e-05
chr1	161463742	161463824	+	36075	36075	36075	tRNAscan	36075	tRNAscan	0.00	0.00	0.00	0.00	0.47	0.33	4.97027e-06	1.4093	3.44834e-06
chr1	161465468	161465538	+	36076	36076	36076	tRNAscan	36076	tRNAscan	0.64	0.44	0.56	0.81	0.98	0.68	3.44176e-05	2.86227	2.38767e-05
chr1	161471123	161471205	+	36077	36077	36077	tRNAscan	36077	tRNAscan	0.00	0.00	0.00	0.00	0.47	0.33	1.18742e-06	1.41479	8.24186e-07
chr1	161480566	161480636	+	36078	36078	36078	tRNAscan	36078	tRNAscan	0.00	0.00	0.00	0.00	0.63	0.43	3.69792e-06	1.89324	2.56646e-06
chr1	161523145	161523216	+	36079	36079	36079	tRNAscan	36079	tRNAscan	0.00	0.00	0.00	0.00	0.61	0.42	1.895e-05	1.83176	1.3154e-05
chr1	161531113	161531184	+	36080	36080	36080	tRNAscan	36080	tRNAscan	0.10	0.07	0.15	0.36	0.70	0.49	1.02866e-05	2.0701	7.14149e-06
chr1	161532125	161532196	+	36081	36081	36081	tRNAscan	36081	tRNAscan	0.00	0.00	0.00	0.00	0.61	0.42	1.82935e-05	1.82374	1.26953e-05
chr1	161540241	161540314	+	36082	36082	36082	tRNAscan	36082	tRNAscan	0.00	0.00	0.00	0.00	0.58	0.40	3.83516e-05	1.71525	2.66277e-05
chr1	161604798	161604869	+	36083	36083	36083	tRNAscan	36083	tRNAscan	0.00	0.00	0.00	0.00	0.61	0.42	5.43936e-05	1.82057	3.77448e-05
chr1	161612718	161612789	+	36084	36084	36084	tRNAscan	36084	tRNAscan	1.24	0.85	2.00	0.00	1.83	1.27	0.194811	3.89298	0.121666
chr1	161621675	161621748	+	36085	36085	36085	tRNAscan	36085	tRNAscan	0.00	0.00	0.00	0.00	0.58	0.40	3.32062e-05	1.72233	2.30587e-05
chr1	161611946	161612029	-	36086	36086	36086	tRNAscan	36086	tRNAscan	0.00	0.00	0.00	0.00	0.46	0.32	4.44439e-06	1.37783	3.08393e-06
chr1	161530342	161530424	-	36087	36087	36087	tRNAscan	36087	tRNAscan	0.00	0.00	0.00	0.00	0.47	0.33	4.71813e-06	1.42466	3.27321e-06
chr1	161523847	161523917	-	36088	36088	36088	tRNAscan	36088	tRNAscan	0.00	0.00	0.34	0.62	0.84	0.58	1.96569e-05	2.5105	1.36441e-05
chr1	161470415	161470486	-	36089	36089	36089	tRNAscan	36089	tRNAscan	0.11	0.08	0.15	0.38	0.70	0.48	1.5291e-05	2.08022	1.06158e-05
chr1	161469757	161469828	-	36090	36090	36090	tRNAscan	36090	tRNAscan	0.10	0.07	0.15	0.36	0.70	0.49	1.42757e-05	2.09955	9.90445e-06
chr1	161469399	161469470	-	36091	36091	36091	tRNAscan	36091	tRNAscan	0.08	0.05	0.12	0.33	0.68	0.47	2.29303e-05	2.04739	1.59188e-05
chr1	161463034	161463105	-	36092	36092	36092	tRNAscan	36092	tRNAscan	0.11	0.08	0.17	0.41	0.71	0.49	1.56675e-05	2.09937	1.08763e-05
chr1	161462376	161462447	-	36093	36093	36093	tRNAscan	36093	tRNAscan	0.10	0.07	0.17	0.37	0.71	0.49	1.14763e-05	2.09292	7.96753e-06
chr1	161462019	161462090	-	36094	36094	36094	tRNAscan	36094	tRNAscan	0.08	0.05	0.14	0.34	0.69	0.48	1.40505e-06	2.07014	9.74701e-07
chr1	161455624	161455695	-	36095	36095	36095	tRNAscan	36095	tRNAscan	0.11	0.08	0.17	0.39	0.71	0.49	5.74456e-06	2.10911	3.988e-06
chr1	161454966	161455037	-	36096	36096	36096	tRNAscan	36096	tRNAscan	0.10	0.07	0.18	0.39	0.72	0.50	1.6999e-06	2.13863	1.17955e-06
chr1	161454608	161454679	-	36097	36097	36097	tRNAscan	36097	tRNAscan	0.08	0.05	0.14	0.35	0.69	0.48	1.00387e-05	2.04781	6.96648e-06
chr1	161448243	161448314	-	36098	36098	36098	tRNAscan	36098	tRNAscan	0.11	0.08	0.18	0.40	0.72	0.50	7.03526e-06	2.11848	4.88599e-06
chr1	161447585	161447656	-	36099	36099	36099	tRNAscan	36099	tRNAscan	0.10	0.07	0.16	0.37	0.71	0.49	6.20566e-06	2.10962	4.31011e-06
chr1	161447228	161447299	-	36100	36100	36100	tRNAscan	36100	tRNAscan	0.08	0.05	0.12	0.32	0.68	0.47	3.70634e-06	2.03881	2.57216e-06
chr1	161440825	161440896	-	36101	36101	36101	tRNAscan	36101	tRNAscan	0.11	0.08	0.17	0.40	0.71	0.49	8.23779e-06	2.09977	5.71687e-06
chr1	161440171	161440242	-	36102	36102	36102	tRNAscan	36102	tRNAscan	0.00	0.00	0.00	0.00	0.61	0.42	7.76225e-05	1.82001	5.38555e-05
chr1	161428077	161428150	-	36103	36103	36103	tRNAscan	36103	tRNAscan	0.00	0.00	0.00	0.00	0.58	0.40	7.49277e-06	1.73267	5.20114e-06
chr1	161422093	161422164	-	36104	36104	36104	tRNAscan	36104	tRNAscan	0.00	0.00	0.00	0.00	0.61	0.42	2.01801e-05	1.83497	1.40009e-05
chr1	161399700	161399772	-	36105	36105	36105	tRNAscan	36105	tRNAscan	0.00	0.00	0.00	0.00	0.59	0.41	8.75635e-06	1.77876	6.07943e-06
chr6	144216547	144216629	+	36231	36231	36231	tRNAscan	36231	tRNAscan	0.00	0.00	0.00	0.00	0.47	0.33	1.25972e-06	1.40563	8.74838e-07
chr1	165596913	165596985	+	36232	36232	36232	tRNAscan	36232	tRNAscan	0.00	0.00	0.00	0.00	0.59	0.41	1.91938e-06	1.77091	1.33251e-06
chr17	64530800	64530873	-	36308	36308	36308	tRNAscan	36308	tRNAscan	1.17	0.80	2.00	0.00	1.73	1.20	0.164577	3.67697	0.114853
chr12	96036021	96036092	+	36332	36332	36332	tRNAscan	36332	tRNAscan	0.11	0.08	0.20	0.44	0.73	0.51	7.9529e-06	2.17718	5.51674e-06
chr8	58592239	58592309	+	36393	36393	36393	tRNAscan	36393	tRNAscan	0.00	0.00	0.00	0.00	0.63	0.43	2.21528e-05	1.84951	1.53744e-05
chr1	204506527	204506599	+	36543	36543	36543	tRNAscan	36543	tRNAscan	0.17	0.12	0.27	0.50	0.75	0.52	1.66871e-05	2.19958	1.15867e-05
chr1	204507030	204507102	-	36544	36544	36544	tRNAscan	36544	tRNAscan	0.17	0.12	0.26	0.51	0.75	0.52	5.42425e-05	2.21676	3.76144e-05
chr17	68394816	68394890	-	4123	4123	4123	tRNAscan	4123	tRNAscan	0.00	0.00	0.00	0.00	0.56	0.39	4.69924e-06	1.69599	3.26162e-06
chr9	19403998	19404072	+	4761	4761	4761	tRNAscan	4761	tRNAscan	0.00	0.00	0.00	0.00	0.56	0.39	1.16642e-05	1.69565	8.0989e-06
chr18	45719786	45719857	+	5499	5499	5499	tRNAscan	5499	tRNAscan	0.00	0.00	0.00	0.00	0.61	0.42	1.83986e-05	1.83699	1.27685e-05
chr18	46089305	46089377	-	5500	5500	5500	tRNAscan	5500	tRNAscan	0.00	0.00	0.00	0.00	0.59	0.41	1.65815e-05	1.78083	1.15077e-05
chr2	131382569	131382638	+	6953	6953	6953	tRNAscan	6953	tRNAscan	0.00	0.00	0.00	0.00	0.64	0.45	7.75428e-06	1.94266	5.38112e-06
chr2	131385560	131385631	+	6954	6954	6954	tRNAscan	6954	tRNAscan	0.00	0.00	0.00	0.00	0.61	0.42	4.54396e-05	1.82206	3.15276e-05
chr19	39412168	39412260	-	8414	8414	8414	tRNAscan	8414	tRNAscan	0.00	0.00	0.00	0.00	0.39	0.27	1.64515e-05	1.16384	1.14099e-05
chr20	50335805	50335886	-	8789	8789	8789	tRNAscan	8789	tRNAscan	0.00	0.00	0.00	0.00	0.48	0.33	2.21775e-06	1.42465	1.53891e-06
chrX	100627109	100639991	-	ENSG00000000003.14	NULL	TSPAN6	protein_coding	NULL	NULL	46.97	32.21	4583.00	0.00	46.52	32.27	45.1157	47.9357	31.3174
chrX	100584802	100599885	+	ENSG00000000005.5	NULL	TNMD	protein_coding	NULL	NULL	0.15	0.10	4.00	0.00	0.21	0.14	0.0525006	0.384578	0.0368304
chr20	50934867	50958555	-	ENSG00000000419.12	NULL	DPM1	protein_coding	NULL	NULL	41.33	28.34	1863.00	0.00	40.98	28.43	38.9185	42.9226	27.0326
chr1	169849631	169894267	-	ENSG00000000457.13	NULL	SCYL3	protein_coding	NULL	NULL	4.64	3.18	825.82	7.95	4.66	3.23	4.24159	5.08778	2.94249
chr1	169662007	169854080	+	ENSG00000000460.16	NULL	C1orf112	protein_coding	NULL	NULL	2.39	1.64	342.30	7.97	2.71	1.88	2.31151	3.13317	1.60469
chr1	27612064	27635277	-	ENSG00000000938.12	NULL	FGR	protein_coding	NULL	NULL	0.57	0.39	62.00	0.00	0.74	0.51	0.547965	0.95713	0.380258
